0,United States
1,France
2,United States
3,Canada
4,Over the North Sea
5,Germany
6,Belgium
7,Germany
8,Bulgeria
9,England
10,England
11,Germany
12,England
13,Belgium
14,Off Northern Germany
15,North Sea
16,North Sea
17,England
18,Off western Denmark
19,France
20,Over the Mediterranean
21,Germany
22,North Sea
23,United States
24,United States
25,United States
26,Italy
27,England
28,United States
29,Kent
30,United States
31,UK
32,United States
33,United States
34,United States
35,United States
36,United States
37,United States
38,Columbia
39,England
40,United States
41,United States
42,United States
43,United States
44,France
45,Spain
46,United States
47,United States
48,England
49,Spain
50,Minnisota
51,United States
52,Off Gibraltar
53,United States
54,Australia
55,NY
56,United States
57,United States
58,France
59,England
60,France
61,Australia
62,France
63,United States
64,North Atlantic Ocean
65,France
66,China
67,England
68,Germany
69,France
70,Spain
71,United States
72,Italy
73,Morocco
74,Morocco
75,France
76,Spain
77,United States
78,United States
79,France
80,Romania
81,United States
82,England
83,Russia
84,United States
85,Over the Mediterranean Sea
86,WY
87,United States
88,Over the English Channel
89,Colombia
90,United States
91,France
92,United States
93,England
94,USSR
95,Spain
96,France
97,Spain
98,Spain
99,Hungary
100,United States
101,France
102,United States
103,Mauritania
104,France
105,United States
106,Germany
107,English Channel
108,Czechoslovakia
109,Belgium
110,Germany
111,England
112,United States
113,Unied Kingdom
114,Germany
115,English Channel
116,Morocco
117,United States
118,France
119,Morocco
120,Australia
121,United States
122,Germany
123,United States
124,Algeria
125,Germany
126,England
127,United States
128,United States
129,Atlantic Ocean
130,Germany
131,Mauritania
132,United States
133,France
134,Over the Gulf of Finland
135,United States
136,Spain
137,France
138,United States
139,Uruguay
140,Ariège
141,Spain
142,Spain
143,United States
144,France
145,United States
146,Spain
147,Brazil
148,United States
149,Germany
150,Germany
151,United States
152,Over the Gulf of Finland
153,England
154,Netherlands
155,Canada
156,France
157,Australia
158,United States
159,Germany
160,Spain
161,United States
162,France
163,Off Gibraltar
164,United States
165,United States
166,United States
167,United States
168,Brazil
169,United States
170,Germany
171,United States
172,United States
173,France
174,United States
175,United States
176,Greece
177,United States
178,Off Morocco
179,United States
180,United States
181,United States
182,Mexico
183, Pest Hungary
184,Algiers
185,Cuba
186,Spain
187,England
188,United States
189,Germany
190,United States
191,United States
192,Germany
193,Russia
194,United States
195,United States
196,Iran
197,North Atlantic Ocean
198,Ontario
199,United States
200,United States
201,Morocco
202,Italy
203,United States
204,United States
205,Mexico
206,England
207,France
208,East Sardinia
209,United States
210,United States
211,Germany
212,United States
213,United States
214,Madagascar
215,United States
216,Spain
217,United States
218,United States
219,England
220,United States
221,Argentina
222,United States
223,Denmark
224,United States
225,England
226,Czechoslovakia
227,England
228,Canada
229,France
230,Germany
231,Morocco
232,Australia
233,Canada
234,France
235,United States
236,Brazil
237,United States
238,China
239,Belgium
240,United States
241,New Zealand
242,Canada
243,Off Spain
244,Australia
245,United States
246,Germany
247,United States
248,Australia
249,United States
250,Burma
251,United States
252,Germany
253,United States
254,Australia
255,United States
256,Bulgaria
257,United States
258,United States
259,Romania
260,United States
261,Canada
262,Brazil
263,United States
264,South Africa
265,United States
266,China
267,United States
268,United States
269,Thailand
270,Off Algiers
271,United States
272,Ilinois
273,United States
274,United States
275,United States
276,United States
277,Brazil
278,United States
279,United States
280,United States
281,Syria
282,United States
283,United States
284,United States
285,United States
286,Chile
287,Lebanon
288,Germany
289,United States
290,England
291,Australia
292,Mauritania
293,Bolivia
294,England
295,Germany
296,United States
297,United States
298,United States
299,Australia
300,Algiers
301,United States
302,United States
303,United States
304,United States
305,Argentina
306,United States
307,Belgium
308,Germany
309,United States
310,Italy
311,Germany
312,Spain
313,United States
314,United States
315,Aegean Sea
316,United States
317,Yugoslavia
318,United States
319,France
320,United States
321,United States
322,China
323,USSR
324,United States
325,Germany
326,South Africa
327,Belgium
328,France
329,France
330,United States
331,Morocco
332,United States
333,Colombia
334,Peru
335,China
336,English Channel
337,England
338,United States
339,Argentina
340,Germany
341,United States
342,United States
343,Germany
344,Brazil
345,China
346,United States
347,English Channel
348,Australia
349,Australia
350,Australia
351,United States
352,Australia
353,Germany
354,United States
355,Cuba
356,Syria
357,United States
358,Pakistan
359,United States
360,Germany
361,Germany
362,Egypt
363,Germany
364,France
365,Germany
366,United States
367,United States
368,United States
369,Russia
370,United States
371,United States
372,Honduras
373,Colombia
374,Netherlands
375,United States
376,Switzerland
377,China
378,United States
379,United States
380,United States
381,United States
382,Panama
383,Australia
384,United States
385,Gulf of Finland
386,United States
387,United States
388,Brazil
389,United States
390,Honduras
391,France
392,France
393,England
394,Germany
395,Egypt
396,United States
397,Boliva
398,France
399,United States
400,Atlantic Ocean
401,South Atlantic Ocean
402,China
403,Mexico
404,United States
405,United States
406,Trinidad
407,Italy
408,Switzerland
409,France
410,Switzerland
411,Australia
412,Sweden
413,Germany
414,Norway
415,Jersey
416,France
417,Mexico
418,United States
419,Colombia
420,Germany
421,Greece
422,United States
423,English Channel
424,Libya
425,United States
426,United States
427,Mexico
428,['?']
429,Germany
430,Germany
431,England
432,France
433,Near Moscow
434,French West Africa
435,England
436,United States
437,United States
438,United States
439,United States
440,China
441,United States
442,Mexico
443,United States
444,Algeria
445,United States
446,Australia
447,Gambia
448,France
449,United States
450,Germany
451,United States
452,Germany
453,Chile
454,New Guinea
455,Belgium
456,Sudan
457,Panama
458,China
459,United States
460,Argentina
461,Australia
462,Greece
463,Netherlands Indies
464,United States
465,Off Western Africa
466,Germany
467,Belgium
468,London
469,Italy
470,France
471,Czechoslovakia
472,Germany
473,United States
474,U.S. Samoa
475,Canada
476,United States
477,Russia
478,France
479,Mexico
480,Mediterranean Sea
481,France
482,Cailifornia
483,India
484,Australia
485,France
486,Italy
487,Mexico
488,New Zealand
489,United States
490,Brazil
491,United States
492,Canada
493,Germany
494,Tanganyika
495,Chile
496,United States
497,Italy
498,Romania
499,Near Bogota Colombia
500,Kenya
501,Pacific Ocean between Manila and Guam
502,Hungary
503,Japan
504,Mexico
505,Germany
506,Brazil
507,Romania
508,Italy
509,Japan
510,China
511,Australia
512,United States
513,Switzerland
514,Gambia
515,Germany
516,Australia
517,England
518,Jersey
519,Amsterdam
520,Canada
521,Gambia
522,Iraq
523,United States
524,Mexico
525,East China Sea
526,Japan
527,Netherlands
528,Australia
529,France
530,United States
531,Brazil
532,Australia
533,Atlantic Ocean between N.Y. and Bermuda
534,United States
535,France
536,Belgium
537,Colombia
538,United States
539,United States
540,Morocco
541,Mocambique
542,Morocco
543,Ecuador
544,Amsterdam
545,The Netherlands
546,Switzerland
547,Spain
548,Brazil
549,Denmark
550,India
551,Germany
552,North Sea
553,England
554,South of Gibraltar
555,Off Malta-Luqa
556,Morocco
557,Indonesia
558,Italy
559,Columbia
560,Gulf of Oman
561,Italy
562,Scotland
563,United States
564,Estonia
565,France
566,Gulf of Tonkin
567,Germany
568,Australia
569,Romania
570,United States
571,China
572,Germany
573,Bolivia
574,United States
575,Brazil
576,Germany
577,Mediterranean Sea
578,United States
579,Mediterranean Sea
580,Brazil
581,Hungary
582,China
583,United States
584,Canada
585,United States
586,Norway
587,South Africa
588,Atlantic Ocean
589,Romania
590,Sea of Japan
591,Scotland
592,Scotland
593,Brazil
594,France
595,Scotland
596,United States
597,bulgaria
598,United States
599,Canada
600,United States
601,United States
602,Indonesia
603,Timor
604,Timor
605,['?']
606,England
607,Australia
608,Indian Ocean
609,Australia
610,Australia
611,China
612,Australia
613,United States
614,United States
615,Italy
616,United States
617,Australia
618,England
619,Algeria
620,['?']
621,Trinidad
622,England
623,Scotland
624,Off West Africa
625,Algeria
626,Brazil
627,United States
628,China
629,Newfoundland
630,Romania
631,United States
632,Norway
633,Russia
634,Russia
635,United States
636,Austria
637,Canada
638,Portugal
639,Dutch Guyana
640, Atlantic Ocean
641,United States
642,Peru
643,Newfoundland
644,United States
645,Portugal
646,China
647,China
648,Australia
649,North Sea
650,New Guinea
651,Off the coast of France
652,United States
653,Australia
654,Sudan
655,Sudan
656,Gibraltar
657,Ireland
658,United States
659,Romania
660,Australia
661,China
662,Brazil
663,North Sea
664,United States
665,United States
666,India
667,United States
668,Canada
669,United States
670,Sweden
671,Eastern Libya
672,India
673,China
674,China
675,New Guinea
676,Scotland
677,China
678,Australia
679,United States
680,Yugoslavia
681,United States
682,Mozambique
683,China
684,Greece
685,New Guinea
686,United States
687,Yugoslavia
688,Norway
689,Canada
690,China
691,India
692,France
693,France
694,France
695,China
696,China
697,Brazil
698,United States
699,Papua New Guinea
700,North Atlantic Ocean
701,Scotland
702,Pacific Ocean
703,United States
704,Cuba
705,England
706,England
707,Scotland
708,Swden
709,Brazil
710,Yugoslavia
711,Australia
712,United States
713,United States
714,Brazil
715,France
716,India
717,Bosnia
718,Australia
719,Norway
720,Hungary
721,England
722,United States
723,United States
724,Norway
725,China
726,England
727,Kenya
728,Sweden
729,Nicaragua
730,China
731,United States
732,Atlantic Ocean
733,English Channel
734,India
735,Trinidad
736,United States
737,China
738,China
739,Indonesia
740,Australia
741,Italy
742,England
743,United States
744,Brazil
745,Morocco
746,Poland
747,United States
748,off Australia
749,China
750,United States
751,Australia
752,United States
753,Germany
754,Germany
755,England
756,Washington D.C.
757,New Guinea
758,England
759,France
760,New Guinea
761,Ivory Coast
762,China
763,Australia
764,England
765,India
766,United States
767,North Atlantic Ocean
768,Kenya
769,United States
770,United States
771,Mexico
772,Martinique
773,Mexico
774,United States
775,New Guinea
776,United States
777,Papua New Guinea
778,China
779,England
780,United States
781,France
782,Belgium
783,China
784,China
785,Atlantic Ocean
786,India
787,Peru
788,China
789,Germany
790,India
791,United States
792,United States
793,Italy
794,Himalayas
795,Libya
796,Italy
797,Philippines
798,New Guinea
799,England
800,France
801,Off the Florida coast
802,United States
803,Norway
804,French Equatorial Africa
805,Russia
806,United States
807,United States
808,China
809,Russia
810,France
811,United States
812,Canada
813,France
814,United States
815,Philippines
816,Canada
817,United States
818,Czechoslovakia
819,Tasmania
820,China
821,China
822,United States
823,Indian Ocean
824,Northern Ireland
825,Malta
826,China
827,Nicaragua
828,India
829,United States
830,United States
831,Norway
832,Italy
833,Panama
834,Nigeria
835,Off Malaya
836,France
837,United States
838,United States
839,China
840,Ecuador
841,United States
842,Off the Panama coast
843,Burma
844,Mexico
845,Norway
846,United States
847,Malta
848,France
849,United States
850,Egypt
851,Canada
852,Denmark
853,France
854,United States
855,Gambia
856,United States
857,Canada
858,Belgium
859,Newfoundland
860,Libya
861,China
862,Near Hong Kong International Airport
863,Scotland
864,Brazil
865,Newfoundland
866,Malaya
867,The Netherlands
868,United States
869,Morocco
870,United States
871,India
872,Egypt
873,France
874,Russia
875,United States
876,United States
877,Mexico
878,Netherlands
879,North Pacific Ocean
880,Costa Rica
881,Argentina
882,Iran
883,Japan
884,United States
885,Philippines
886,Atlantic Ocean
887,Brazil
888,United States
889,China
890,China
891,China
892,United States
893,Ireland
894,United States
895,Brazil
896,China
897,United States
898,England
899,China
900,United States
901,Mexico
902,Colombia
903,England
904,China
905,Hong Kong
906,Denmark
907,China
908,Portugal
909,United States
910,Spain
911,United States
912,Colombia
913,Italy
914,China
915,Pacific Ocean
916,USSR
917,Italy
918,Colombia
919,France
920,Colombia
921,Sri Lanka
922,Venezuela
923,Senegal
924,United States
925,Canada
926,Costa Rica
927,United States
928,Russia
929,United States
930,Japan
931,Iceland
932,United States
933,France
934,Brazil
935,United States
936,Syria
937,Gulf of Karkinitsky
938,French Cameroons
939,United States
940,France
941,Iran
942,Argentina
943,China
944,Argentina
945,North Pacific Ocean
946,United States
947,Sweden
948,Romania
949,United States
950,Persian Gulf
951,Norway
952,United States
953,800 miles east of Newfoundland
954,Spain
955,United States
956,United States
957,Greece
958,United States
959,India
960,Philippines
961,United States
962,France
963,United States
964,Italy
965,Romania
966,['?']
967,Yugoslavia
968,United States
969,Italy
970,United States
971,Labrador
972,United States
973,Russia
974,China
975,India
976,Mexico
977,England
978,France
979,United States
980,Algeria
981,Dominican Republic
982,United States
983,China
984,United States
985,NE of Bermuda
986,United States
987,Indonesia
988,Germany
989, Italy
990,France
991,Philippines
992,United States
993,Brazil
994,France
995,England
996,Iceland
997,United States
998,United States
999,Brazil
1000,Colombia
1001,France
1002,Germany
1003,Ireland
1004,Territory of New Guinea
1005,Near Irkutsk Russia
1006,France
1007,Belgian Congo (Zaire)
1008,South Africa
1009,United States
1010,England
1011,Russia
1012,Spain
1013,Isle of Man
1014,United States
1015,China
1016,Venezuela
1017,Belgium
1018,England
1019,French Indo-China
1020,Brazil
1021,Pacific Ocean between Hong Kong and Macao
1022,Canada
1023,China
1024,Argentina
1025,"['1', '200 miles off Dakar', ' Atlantic Ocean']"
1026,Pakistan
1027,New Zealand
1028,Venezuela
1029,United States
1030,Belgium Congo
1031,Australia
1032,Norway
1033,USSR
1034,Scotland
1035,New Zealand
1036,USSR
1037,Canada
1038,England
1039,United States
1040,Australia
1041,England
1042,Russia
1043,Pakistan
1044,China
1045,Italy
1046,Taiwan
1047,Colombia
1048,Greece
1049,Hong Kong
1050,Spain
1051,United States
1052,Italy
1053,United States
1054,Brazil
1055,United States
1056,Brazil
1057,Egypt
1058,India
1059,off Bermuda
1060,Scotland
1061,United States
1062,United States
1063,Newfoundland
1064,Libya
1065,Colombia
1066,Denmark
1067,Peru
1068,England
1069,Peru
1070,Hong Kong
1071,Australia
1072,Germany
1073,New Zealand
1074,Russia
1075,Italy
1076,England
1077,off the Philippine island of Elalat
1078,Russia
1079,Greece
1080,Brazil
1081,United States
1082,Italy
1083,Australia
1084,United States
1085,India
1086,India
1087,United States
1088,Russia
1089,United States
1090,Brazil
1091,Brazil
1092,Ecuador
1093,Oman
1094,Colombia
1095,Ireland
1096,England
1097,Manitoba
1098,Zaire
1099,Canada
1100,Mexico
1101,Argentina
1102,United States
1103,Azores
1104,United States
1105,United States
1106,India
1107,Norway
1108,Colombia
1109,United States
1110,France
1111,Brazil
1112,United States
1113,China
1114,China
1115,D.C.
1116,Pakistan
1117,Mexico
1118,France
1119,Pakistan
1120,Russia
1121,Spain
1122,Bolivia
1123,Madagascar
1124,Philippines
1125,Yukon Territory
1126,North Sea
1127,Czechoslovakia
1128,United States
1129,Vietnam
1130,Wales
1131,Turkey
1132,France
1133,India
1134,England
1135,Colombia
1136,Japan
1137,Ecuador
1138,Azores
1139,United States
1140,Colombia
1141,United States
1142,Brazil
1143,Atlantic Ocean off Florida
1144,Colombia
1145,Off Bahrain
1146,Off Bahrain
1147,United States
1148,Australia
1149,South Korea
1150,Morocco
1151,India
1152,Angola
1153,Japan
1154,Brazil
1155,Algeria
1156,Brazil
1157,Russia
1158,United States
1159,United States
1160,Malaysia
1161,Egypt
1162,United States
1163,Iran
1164,Marshall Islands
1165,Yugoslavia
1166,Sweden
1167,Japan
1168,Minnisota
1169,Morocco
1170,England
1171,England
1172,France
1173,United States
1174,France
1175,Indonesia
1176,United States
1177,Peru
1178,Bhutan
1179,Iran
1180,France
1181,French Equatorial Africa
1182,India
1183,Brazil
1184,Brazil
1185,Venezuela
1186,Philippines
1187,Canada
1188,Argentina
1189,South Africa
1190,Thailand
1191,United States
1192,United States
1193,Peru
1194,Italy
1195,Taiwan
1196,Iceland
1197,Portugal
1198,Nigeria
1199,Colombia
1200,United States
1201,Hong Kong
1202,Colombia
1203,Brazil
1204,Over the North Atlantic
1205,Argentina
1206,England
1207,Colombia
1208,United States
1209,United States
1210,Hong Kong
1211,United States
1212,United States
1213,United States
1214,France
1215, Brazil
1216,United States
1217,Brazil
1218,Colombia
1219,Liberia
1220,Yugoslavia
1221,United States
1222,England
1223,India
1224,Brazil
1225,New Guinea
1226,China
1227,United States
1228,Mali
1229,Bolivia
1230,Australia
1231,France
1232,Brazil
1233,United States
1234,Brazil
1235,Spain
1236,United States
1237,India
1238,Near Tachikawa Air Base
1239,Bolivia
1240,Mexico
1241,South Africa
1242,North Atlantic
1243,Canada
1244,Yugoslavia
1245,Guatemala
1246,United States
1247,France
1248,Poland
1249,Russia
1250,Egypt
1251,India
1252,Switzerland
1253,Mexico
1254,United States
1255,New Guinea
1256,United States
1257,Iran
1258,Russia
1259,United States
1260,United States
1261,United States
1262,India
1263,Madagascar
1264,Ireland
1265,Canada
1266,United States
1267,Belgian Congo
1268,Japan
1269,United States
1270,Italy
1271,India
1272,Cameroon
1273, Brazil
1274,France
1275,Philippines
1276,United States
1277,Canada
1278,Germany
1279,French West Africa
1280,Russia
1281,Venezuela
1282,Philippines
1283,United States
1284,Japan
1285,India
1286,United States
1287,United States
1288,Brazil
1289, India
1290,Norway
1291,Malaysia
1292,Brazil
1293,Brazil
1294,Mauritania
1295,Baltic Sea
1296,England
1297,England
1298,North Sea
1299,United States
1300,Brazil
1301,Brazil
1302,Italy
1303,West Pakistan
1304,Sudan
1305,England
1306,Panama
1307,Sudan
1308,Russia
1309,Scotland
1310,Brazil
1311,South Korea
1312,United States
1313,Chad
1314,United States
1315,South Korea
1316,United States
1317,United States
1318,United States
1319,United States
1320,Bugaria
1321,Bermuda
1322,United States
1323,United States
1324,Syria
1325,Venezuela
1326,Iran
1327,Taiwan
1328,Northern Ireland
1329,United States
1330,United States
1331,Italy
1332,Italy
1333,Canada
1334,Vietnam
1335,France
1336,Egypt
1337,United States
1338,Pakistan
1339,United States
1340,India
1341,Vietnam
1342,Newfoundland
1343,United States
1344,Brazil
1345,Tanganyika
1346,Brazil
1347,Jamaica
1348,Madagascar
1349,United States
1350,India
1351,Vietnam
1352,United States
1353,India
1354,England
1355,India
1356,Canada
1357,United States
1358,United States
1359,Netherlands
1360,Russia
1361,United States
1362,Chile
1363,Costa Rica
1364,French Indo-China
1365,Brazil
1366,Japan
1367,325 miles east of Wake Island
1368,United States
1369,North Korea
1370,Turkey
1371,United Arab Emirates
1372,Off Irish coast
1373,United States
1374,France
1375,United States
1376,Honduras
1377,Mexico
1378,United States
1379,Turkey
1380,United States
1381,Germany
1382,Vietnam
1383,United States
1384,Mexico
1385,Russia
1386,United States
1387,Russia
1388,Bolivia
1389,Scotland
1390,Spain
1391,India
1392,Egypt
1393,Guatemala
1394,Mariana Islands
1395,Switzerland
1396,Syria
1397,Afghanistan
1398,Turkey
1399,England
1400,Italy
1401,Colombia
1402,United States
1403,Italy
1404,Czechoslovakia
1405,United States
1406,Japan
1407,United States
1408,Malta
1409,India
1410,United States
1411,France
1412,Singapore
1413,South Vietnam
1414,Australia
1415,United States
1416,Mexico
1417,Turkey
1418,Vietnam
1419,Italy
1420,Canada
1421,Chile
1422,Laos
1423,Argentina
1424,India
1425,New Zealand
1426,Brazil
1427,Slovenia
1428,Brazil
1429,Vietnam
1430,England
1431,Brazil
1432,China
1433,United States
1434,Portugal
1435,Vietnam
1436,Laos
1437,United States
1438,North Sea
1439,Russia
1440,South Dekota
1441,Ireland
1442,Brazil
1443,Egypt
1444,Russia
1445,Italy
1446,Russia
1447,United States
1448,Australia
1449,Peru
1450,United States
1451,Laos
1452,Slovakia
1453,Venezuela
1454,United States
1455,United States
1456,Scotland
1457,Russia
1458,Russia
1459,United States
1460,Ireland
1461,United States
1462,Canada
1463,United States
1464,Colombia
1465,India
1466,Nigeria
1467,Italy
1468,United States
1469, Zimbabwe
1470,Argentina
1471,Brazil
1472,Mexic
1473,Mexico
1474,Colombia
1475,United States
1476,United States
1477,Off the Oregon coast
1478,United States
1479,United States
1480,Sarawak
1481,Cameroons
1482,Kenya
1483,Venezuela
1484,Canada
1485,Cameroon
1486,Paraguay
1487,Mexico
1488,Mexico
1489,United States
1490,Bulgaria
1491,United States
1492,Russia
1493,West Germany
1494,Brazil
1495,Nepal
1496,Burma (Myanmar)
1497,United States
1498,Cameroon
1499,Canada
1500,Libya
1501,HI)
1502,Canada
1503,Peru
1504,United States
1505,Austria
1506,United States
1507,Washingon
1508,United States
1509,Japan
1510,United States
1511,Brazil
1512,Russia
1513,United States
1514,Brazil
1515,United States
1516, Australia
1517,Canada
1518,Czechoslovakia
1519,France
1520,Canada
1521,Canada
1522,United States
1523,Malta
1524,Egypt
1525,Syria
1526,Pakistan
1527,India
1528,England
1529,Thailand
1530,India
1531,United States
1532,United States
1533,United States
1534,Brazil
1535,England
1536,Canada
1537,Nepal
1538,Guatemala
1539,Over North Carolina
1540,United States
1541,Nigeria
1542,United States
1543,United States
1544,United States
1545,Ireland
1546,Argentina
1547,Burma
1548,United States
1549,Jordan
1550,United States
1551,United States
1552,England
1553,Over the Pacific Ocean
1554,India
1555,Over the Mediterranean Sea
1556,England
1557,Norway
1558,Nicaragua
1559,Colombia
1560,Switzerland
1561,France
1562,Venezuela
1563,Colombia
1564,Canada
1565,France
1566,Germany
1567,Italy
1568,Saudi Arabia
1569,United States
1570,Argentina
1571,Nicaragua
1572,France
1573,United States
1574,United States
1575,South Korea
1576,United States
1577,Japan
1578,England
1579,Colombia
1580,England
1581,Philippines
1582,Bolivia
1583,Over the North Pacific Ocean
1584,Brazil
1585,Algeria
1586,Brazil
1587,Mexico
1588,Jordan
1589,Iraq
1590,England
1591,India
1592,Spain
1593,Greenland
1594,Argentina
1595,India
1596,Russia
1597,Switzerland
1598,United States
1599,Canada
1600,Australia
1601,Pakistan
1602,Canada
1603,Taiwan (Formosa)
1604,Indonesia
1605,United States
1606,Canada
1607,Denmark
1608,India
1609,Honduras
1610,Venezuela
1611,United States
1612, Uruguay
1613,India
1614,Scotland
1615,Russia
1616,Lebanon
1617,Brazil
1618,Ireland
1619,Spain
1620,Mexico
1621,West Germany
1622,Russia
1623,England
1624,Pacific Ocean
1625,Spain
1626,England
1627,New Zealand
1628,Argentina
1629,Canada
1630,Philippines
1631,Russia
1632,United States
1633,England
1634,Argentina
1635,Brazil
1636,Bolivia
1637,Brazil
1638,United States
1639,Germany
1640,Italy
1641,Egypt
1642,French Polynesia
1643,Azores
1644,England
1645,Okinawa
1646,Egypt
1647,United States
1648,Nepal
1649,United States
1650,United States
1651,Ecuador
1652,United States
1653,Ecuador
1654,Spain
1655,United States
1656,India
1657,France
1658,Morocco
1659,United States
1660,India
1661,Algeria
1662,Brazil
1663,Philippines
1664,Mexico
1665,United States
1666,Russia
1667,Brazil
1668,India
1669,United States
1670,Baangladesh
1671,Libya
1672,Brazil
1673,Japan
1674,Ireland
1675,United States
1676,Russia
1677,England
1678,Off Guam
1679,Russia
1680,Brazil
1681,Russia
1682,Washington DC
1683,Japan
1684,France
1685,Russia
1686,Over the Mediterranean Sea
1687,United States
1688,Venezuela
1689,Bolivia
1690,Russia
1691, Canada
1692,Italy
1693,Cuba
1694,Italy
1695,Bolivia
1696,North Atlantic Ocean
1697,United States
1698,Spain
1699,Uzbekstan
1700,England
1701,Zimbabwe)
1702,Brazil
1703,Guatemala
1704,United States
1705,Brazil
1706,Brazil
1707,United States
1708,Argentina
1709,Russia
1710,Venezuela
1711,Jordan
1712,Italy
1713,United States
1714,NY
1715,United States
1716,England
1717,Chile
1718,Nicaragua
1719,India
1720,Spain
1721,Central African Republic
1722,India
1723,United States
1724,Mexico
1725,Turkey
1726,Spain
1727,Spain
1728,United States
1729,United States
1730,Peru
1731,Aregntina
1732,Peru
1733,Nicaragua
1734,United States
1735,Ontario
1736,Peru
1737,Italy
1738,Okinawa
1739,India
1740,Pakistan
1741,United States
1742,Spain
1743,Paraguay
1744,United States
1745,Mexico
1746,Honduras
1747,Brazil
1748,United States
1749,France
1750,United States
1751,Suriname
1752,Russia
1753,United States
1754,Greece
1755,United States
1756,Canada
1757,USSR
1758,Gulf of Mexico
1759,Lebanon
1760,United States
1761,United States
1762,Colombia
1763,USSR
1764,United States
1765,Italy
1766,Brazil
1767,Indonesia
1768,Bolivia
1769,India
1770,United States
1771,Gulf of Sirte
1772,United States
1773,Turkey
1774,Jamacia
1775,Australia
1776,Bolivia
1777,Brazil
1778,USSR
1779,Ireland
1780, Ukraine
1781,Colombia
1782,Japan
1783,United States
1784,Colombia
1785,Nicaragua
1786,Brazil
1787,Taiwan
1788,Newfoundland
1789,Colombia
1790,United States
1791,Belgian Congo
1792,Venezuela
1793,Sudan
1794,Argentina
1795,United States
1796,United States
1797,Qld. Australia
1798,United States
1799,Brazil
1800,United States
1801,Persian Gulf
1802,Ecuador
1803,Philippines
1804,Ethiopia
1805,Zaire
1806,Russia
1807,United States
1808,Italy
1809,Bolivia
1810,Ukraine
1811,Morocco
1812,USSR
1813,Greece
1814,Senegal
1815,Russia
1816,Uruguay
1817,Mariana Islands
1818,Okinawa
1819,Quebec Canada
1820,Russia
1821,Mexico
1822,Italy
1823,United States
1824,Italy
1825,United States
1826,Russia
1827,United States
1828,United States
1829,United States
1830,Nepal
1831,Ecuador
1832,Philippines
1833,Russia
1834,Brazil
1835,Argentina
1836,United States
1837,West Germany
1838,Philippines
1839,Russia
1840,Czechoslovakia
1841,Finland
1842,New York (Idlewild)
1843,Midway Island Naval Air Station
1844,Indonesia
1845,Azores
1846,United States
1847,Indonesia
1848,Belgium
1849,Venezuela
1850,Brazil
1851,Germany
1852,Chile
1853,Hong Kong
1854,Algeria
1855,United States
1856,Singapore
1857,Portugal
1858,Egypt
1859,Cameroon
1860,Nigeria
1861,Argentina
1862,Russia
1863,USSR
1864,United States
1865,Morocco
1866,Argentina
1867,United States
1868,Hungary
1869,Norway
1870,Laos
1871,Greenland
1872,United States
1873,Ethiopia
1874,Costa Rica
1875,Brazil
1876,Ireland
1877,Morocco
1878,United States
1879,Zambia
1880,Turkey
1881,France
1882,Libya
1883,Guernsey
1884,Brazil
1885,United States
1886,Off Puerto Rico
1887,New Zealand
1888,Sao Tomé
1889,Brazil
1890,Australia
1891,Germany
1892,Belgium
1893,Nicaragua
1894,Russia
1895,Turkey
1896,United States
1897,Indonesia
1898,Russia
1899,Ethiopia
1900,Bolivia
1901,USSR
1902,Peru
1903,Venezuela
1904,Colombia
1905,United States
1906,Cameroon
1907,South Africa
1908,Turkey
1909,Italy
1910,France
1911,Philippine Sea
1912,United States
1913,Algeria
1914,Cuba
1915,Colombia
1916,Near Hong Kong
1917,Colombia
1918,England
1919,Burma
1920,Brazil
1921,Greenland
1922,Egypt
1923,Kenya
1924,United States
1925,West Germany
1926,Russia
1927,France
1928,Bulgaria
1929,West Indies
1930,Russia
1931,USSR
1932,USSR
1933,India
1934,Italy
1935,Pakistan
1936,India
1937,Thailand
1938,United States
1939,Russia
1940,France
1941,Nepal
1942,Brazil
1943,Colombia
1944,Peru
1945,USSR
1946,Japan
1947,United States
1948,Bolivia
1949,United States
1950,Czechoslovakia
1951,Russia
1952,India
1953,North Atlantic Ocean
1954,Czechoslovakia
1955,Canada
1956,Spain
1957,Philippines
1958,United States
1959,Russia
1960,South Vietnam
1961,Japan
1962,United States
1963,France
1964,Sao Tomé & Principe
1965,Brazil
1966,Peru
1967,United States
1968,Colombia
1969,Brazil
1970,United States
1971,Poland
1972,Okinawa
1973,Brazil
1974,The Netherlands
1975,France
1976,United States
1977,Brazil
1978,United States
1979,United States
1980,United States
1981,United States
1982,Turkey
1983,United States
1984,Russia
1985,United States
1986,United States
1987,Philippines
1988,Turkmenistan
1989,Tennesee
1990,Peru
1991,Iran
1992,Italy
1993,Japan
1994,Italy
1995,Russia
1996,Norway
1997,Brazil
1998,Cameroon
1999,Egypt
2000,United States
2001,India
2002,Burma
2003,Chile
2004,Hungary
2005,West Germany
2006,Brazil
2007,United States
2008,New Zealand
2009,Russia
2010,Madagascar
2011,Laos
2012,India
2013,South Africa
2014,France
2015,United States
2016,Japan
2017,Russia
2018,Russia
2019,United States
2020,Northeast Laos
2021,Switzerland
2022,France
2023,India
2024,Deleware
2025,Colombia
2026,France
2027,United States
2028,Egypt
2029,Russia
2030,England
2031,Finland
2032,Canada
2033,United States
2034,United States
2035,Afghanistan
2036,Egypt
2037,United States
2038,Argentina
2039,United States
2040,United States
2041,Turkey
2042,Bolivia
2043,Bahamas
2044,United States
2045,India
2046,Philippines
2047,United States
2048,United States
2049,Japan
2050,Austria
2051,United States
2052,India
2053,Near Chicago Illinois
2054,Colombia
2055,Massachutes
2056,Louisana
2057,United States
2058,United States
2059,North Pacific Ocean
2060,Italy
2061,Somalia
2062,Saudi Arabia
2063,United States
2064,United States
2065,Peru
2066,Panama
2067,Philippines
2068,Philippines
2069,Brazil
2070,United States
2071,Saudia Arabia
2072,United States
2073,Taiwan
2074,Spain
2075,United States
2076,United States
2077,Tennesee
2078,United States
2079,United States
2080,Tennesee
2081,United States
2082,United States
2083,Bolivia
2084,Russia
2085,Brazil
2086,Thailand
2087,Colombia
2088,Ethiopia
2089,Spain
2090,Romania
2091,United States
2092,Yugoslavia
2093,United States
2094,United States
2095,Canada
2096,Sweden
2097,Italy
2098,Democratic Republic of the Congo
2099,United States
2100,Bolivia
2101,South Vietnam
2102,Philippines
2103,United States
2104,Peru
2105,Costa Rica
2106,United States
2107,Russia
2108,Kazakhstan
2109,Oklohoma
2110,United States
2111,United States
2112,Mexico
2113,Mt. Helmos. Greece
2114,Cameroon
2115,Chile
2116,United States
2117,United States
2118,Azerbaijan
2119,Japan
2120,United States
2121,Russia
2122,Philippines
2123,Russia
2124,Canada
2125,Russia
2126,Colombia
2127,United States
2128,Pakistan
2129,Morocco
2130,United States
2131,Syria
2132,UK
2133,United States
2134,United States
2135,"Spain
Canary Islands"
2136,Egypt
2137,United States
2138,United States
2139,United States
2140,United States
2141,England
2142,Egypt
2143,Canada
2144,United States
2145,Virgin Islands
2146,Japan
2147,Philippines
2148,Panama
2149,Brazil
2150,United States
2151,Belgium
2152,Hong Kong
2153,United States
2154,Phillipines
2155,Ethiopia
2156,South Vietnam
2157,Ecuador
2158,Antigua
2159,Vietnam
2160,Pakistan
2161,Colombia
2162,India
2163,Vietnam
2164,Philippines
2165,England
2166,French Somaliland
2167,Costa Rica
2168,Southeastern Colombia
2169,Colombia
2170,United States
2171,Russia
2172,United States
2173,United States
2174,United States
2175,United States
2176,United States
2177,Canary Islands
2178,South Vietnam
2179,United States
2180,Philippines
2181,United States
2182,Indonesia
2183,Russia
2184,Colombia
2185,Colombia
2186,Haiti
2187,Switzerland
2188,South Vietnam
2189,United States
2190,Germany
2191,Japan
2192,India
2193,United States
2194,India
2195,Russia
2196,Russia
2197,Russia
2198,Italy
2199,Japan
2200,Japan
2201,United States
2202,United States
2203,Greece
2204,Egypt
2205,Paraguay
2206,United States
2207,United States
2208,Laos
2209,United States
2210,Azerbaijan
2211,Peru
2212,South Vietnam
2213,United States
2214,Japan
2215,United States
2216,Canada
2217,United States
2218,United States
2219,Philippines
2220,New Zealand
2221,Chile
2222,United States
2223,Pakistan
2224,United States
2225,Bolivia
2226,United States
2227,Romania
2228,Mexico
2229,United States
2230,United States
2231,Argentina
2232,South Vietnam
2233,United States
2234,Yugoslavia
2235,Indian
2236,Spain
2237,Australia
2238,Colombia
2239,United States
2240,Vietnam
2241,United States
2242,United States
2243,United States
2244,United States
2245,United States
2246,Japan
2247,Germany
2248,United States
2249,Yemen
2250,Czechoslovakia
2251,Colombia
2252,South Vietnam
2253,Brazil
2254,Russia
2255,Colombia
2256,Vietnam
2257,Colombia
2258,United States
2259,United States
2260,Atlantic Ocean
2261,Japan
2262,Germany
2263,Syria
2264,UAR
2265,United States
2266,Mexico
2267,Switzerland
2268,United States
2269,Indonesia
2270,Honduras
2271,Philippines
2272,Liberia
2273,United States
2274,Pakistan
2275,United States
2276,United States
2277,South Vietnam
2278,Italy
2279,Russia
2280,South Africa
2281,United States
2282,United States
2283,United States
2284,United States
2285,Peru
2286,United States
2287,South Korea
2288,Algeria
2289,Iran
2290,Iran
2291,Cyprus
2292,United States
2293,Philippines
2294,Colombia
2295,Japan
2296,United States
2297,United States
2298,Chile
2299,Northwest Territories Canada
2300,Canada
2301,France
2302,England
2303,Vietnam
2304,Saudi Arabia
2305,Mexico
2306,Ireland
2307,Brazil
2308,South Vietnam
2309,Ireland
2310,Vietnam
2311,United States
2312,United States
2313,Saudi Arabia
2314,Hong Kong
2315,Philippines
2316,United States
2317,Malagasy Republic
2318,Laos
2319,Laos
2320,United States
2321,Colombia
2322,Off South Vietnam
2323,Norway
2324,Vietnam
2325,Canada
2326,United States
2327,South Vietnam
2328,United States
2329,Caribbean Sea
2330,Greece
2331,United States
2332,South Vietnam
2333,Brazil
2334,United States
2335,England
2336,China
2337,United States
2338,Russia
2339,United States
2340,United States
2341,United States
2342,South Vietnam
2343,Laos
2344,Peru
2345,United States
2346,United States
2347,United States
2348,England
2349,United States
2350,Thailand
2351,Vietnam
2352,Latvia
2353,United States
2354,Russia
2355,South Vietnam
2356,United States
2357,United States
2358,United States
2359,United States
2360,Egypt
2361,Japan
2362,United States
2363,Comoro Islands
2364,Vietnam
2365,Canada
2366,Northern India
2367,Taiwan
2368,United States
2369,Laos
2370,Russia
2371,Russia
2372,South Vietnam
2373,West Indies
2374,Philippines
2375,Reunion
2376,United States
2377,United States
2378,Ireland
2379,United States
2380,Russia
2381,Vietnam
2382,England
2383,Chile
2384,United States
2385,Mexico
2386,South Vietnam
2387,England
2388,South-West  Africa (Namibia)
2389,Russia
2390,United States
2391,West Pakistan
2392,United States
2393,Libya
2394,Vietnam
2395,United States
2396,United States
2397,India
2398,United States
2399,India
2400,Spain
2401,South Vietnam
2402,United States
2403,England
2404,United States
2405,Saudi Arabia
2406,Nigeria
2407,Brazil
2408,Off Chili
2409,Near Recife Brazil
2410,United States
2411,Italy
2412,United States
2413,Germany
2414,United States
2415,United States
2416,Egypt
2417,Venezuela
2418,United States
2419,Norway
2420,Bulgaria
2421,United States
2422,France
2423,Wake Island
2424,Nigeria
2425,United States
2426,South Vietnam
2427,Costa Rica
2428,United States
2429,United States
2430,Czechoslovakia
2431,Turkey
2432,Brazil
2433,South Vietnam
2434,United States
2435,United States
2436,United States
2437,United States
2438,Laos
2439,United States
2440,United States
2441,Virgin Islands
2442,United States
2443,Venezuela
2444,United States
2445,United States
2446,Mexico
2447,United States
2448,United States
2449,Mexico
2450,Australia
2451,Taiwan
2452,United States
2453, England
2454,United States
2455,Thailand
2456,United States
2457,United States
2458,Vietnam
2459,United States
2460,Off  Taiwan
2461,United States
2462,Philippines
2463,United States
2464,Taiwan
2465,United States
2466,Atlantic Ocean
2467,Taiwan
2468,United States
2469,Venezuela
2470,United States
2471,United States
2472,Egypt
2473,Bahamas
2474,South Vietnam
2475,Poland
2476,Canada
2477,North Korea
2478,Zaire
2479,United States
2480,East Pakistan
2481,Ghana
2482,Thailand
2483,Argentina
2484,Argentina
2485,South Vietnam
2486,United States
2487,Burma
2488,Italy
2489,Mexico
2490,United States
2491,United States
2492,United States
2493,Russia
2494,Kyrgyzstan
2495,India
2496,United States
2497,Nepal
2498,United States
2499,United States
2500,United States
2501,United States
2502,Algeria
2503,United States
2504,United States
2505,Ukraine
2506,Nigeria
2507,Canada
2508,Laos
2509,Ecuador
2510,Russia
2511,United States
2512,Russia
2513,Laos
2514,Ecuador
2515,Thailand
2516,Colombia
2517,United States
2518,Philippines
2519,Brazil
2520,Canada
2521,Vietnam
2522,Mexico
2523,Bolivia
2524,Nigeria
2525,Gulf of Tonkin
2526,United States
2527,Russia
2528,Canada
2529,United States
2530,Russia
2531,United States
2532,Nigeria
2533,Venezuela
2534,United States
2535,Russia
2536,Greece
2537,Russia
2538,United States
2539,Vietnam
2540,United States
2541,Laos
2542,United States
2543,Sweden
2544,Near Villia Greece
2545,Western Samoa
2546,Peru
2547,United States
2548,Mexico
2549,India
2550,Russia
2551,United States
2552,Russia
2553,Argentina
2554,Romania
2555,USSR
2556,United States
2557,Colombia
2558,France
2559,Dominican Republic
2560,United States
2561,Congo
2562,Switzerland
2563,Switzerland
2564,Brazil
2565,South Vietnam
2566,United States
2567,United States
2568,Morocco
2569,Russia
2570,United States
2571,Ukraine
2572,Russia
2573,Laos
2574,Philippines
2575,Italy
2576, New Guinea
2577,Uruguay
2578,US Virgin Islands
2579,United States
2580,Somalia
2581,United States
2582,Philippines
2583,USSR
2584,Costa Rica
2585,Honduras
2586,United States
2587,Libya
2588,Philippines
2589,Peru
2590,Spain
2591,Alakska
2592,Canada
2593,North Atlantic Ocean
2594,United States
2595,Japan
2596,France
2597,United States
2598,Pakistan
2599,Peru
2600,Taiwan
2601,South Vietnam
2602,India
2603,Netherlands
2604,USSR
2605,Ukraine
2606,USSR
2607,United States
2608,United States
2609,Canada
2610,Denmark
2611,Vietnam
2612,Russia
2613,Taiwan
2614,United States
2615,United States
2616,South Africa
2617,United States
2618,United States
2619,Guadeloupe
2620,United States
2621,South Vietnam
2622,South Vietnam
2623,United States
2624,South Vietnam
2625,Bangladesh
2626,India
2627,Romania
2628,Pakistan
2629,Virgin Islands
2630, Pakistan
2631,USSR
2632,Algeria
2633,Libya
2634,United States
2635,Switzerland
2636,Peru
2637,France
2638,USSR
2639,South Korea
2640,Venezuela
2641,Russia
2642,United States
2643,Ecuador
2644,India
2645,United States
2646,Ukraine
2647,Philippines
2648,United States
2649,Virgin Islands
2650,United States
2651,United States
2652,Guatemala
2653,United States
2654,Yugoslavia
2655,Chile
2656,South Africa
2657,United States
2658,United States
2659,United States
2660,North Pacific Ocean
2661,Chile
2662,United States
2663,Japan
2664,United States
2665,Mali
2666,Russia
2667,Philippines
2668,United States
2669,Japan
2670,France
2671,USSR
2672,United States
2673,West Germany
2674,United States
2675,Denmark
2676,United States
2677,Germany
2678,United States
2679,USSR
2680,Russia
2681,Bulgaria
2682,Brazil
2683,Belgium
2684,Russia
2685,United States
2686,United States
2687,Colombia
2688,United States
2689,South Vietnam
2690,United States
2691,Italy
2692,Indonesia
2693,Russia
2694,Taiwan
2695,South Vietnam
2696,Russia
2697,United States
2698,Sudan
2699,India
2700,Bulgaria
2701,Peru
2702,Mexico
2703,Spain
2704,United States
2705,Turkey
2706,Colombia
2707,Colombia
2708,Czech Republic
2709,Indonesia
2710,Laos
2711,United States
2712,Colombia
2713,Laos
2714,United States
2715,United States
2716,United States
2717,United States
2718,United States
2719,United States
2720,United Arab Emirates
2721,South Yemen
2722,Laos
2723,Venezuela
2724,Brazil
2725,Italy
2726,United States
2727,Ethiopia
2728,Peru
2729,Laos
2730,Vietnam
2731,USSR
2732,Italy
2733,Venezuela
2734,South Vietnam
2735,Russia
2736,USSR
2737,United States
2738,Angola
2739,Germany
2740,United States
2741,Brazil
2742,United States
2743,United States
2744,United States
2745,Morocco
2746,Vietnam
2747,Chile
2748,South Vietnam
2749,India
2750,South Vietnam
2751,United States
2752,England
2753,Vietnam
2754,United States
2755,United States
2756,United States
2757,England
2758,United States
2759,United States
2760,Spain
2761,South Vietnam
2762,Norway
2763,Greece
2764,Colombia
2765,India
2766,South Vietnam
2767,East Germany
2768,Burma
2769,Venezuela
2770,New Guinea
2771,Russia
2772,New Guinea
2773,Bolivia
2774,Ethiopia
2775,Nepal
2776,United States
2777,South Vietnam
2778,Spain
2779,USSR
2780,Cambodia
2781,North Atlantic Ocean
2782,USSR
2783,Chile
2784,Off the Alaska coast
2785,Greece
2786,Vanuatu
2787,France
2788,Italy
2789,South Vietnam
2790,Bulgaria
2791,United States
2792,Russia
2793,United States
2794, Canary Islands
2795,Egypt
2796,United States
2797,Canada
2798,Pakistan
2799,United States
2800,United States
2801,United States
2802,Laos
2803,Netherlands Antilles
2804,Norway
2805,United States
2806,United States
2807,Canada
2808,Scotland
2809,Russia
2810,Nigeria
2811,Honduras
2812,United States
2813,Cyprus
2814,United States
2815,United States
2816,Czechoslovakia
2817,United States
2818,Egypt
2819,Panama
2820,United States
2821,Russia
2822,Poland
2823,Kazakhstan
2824,Poland
2825,Indonesia
2826,USSR
2827,Portugal
2828,France
2829,Laos
2830,India
2831,United States
2832,South Vietnam
2833, Switzerland
2834,United States
2835,Afghanistan
2836,United States
2837,United States
2838,USSR
2839,United States
2840,USSR
2841,Cambodia
2842,Brazil
2843,Canada
2844,India
2845,Brazil
2846,France
2847,Brazil
2848,Mexico
2849,Jordan
2850,Russia
2851,Russia
2852,France
2853,Tahiti
2854,United States
2855,HI
2856,United States
2857,United States
2858,Spain
2859,Haiti
2860,USSR
2861,Colombia
2862,Colombia
2863,United States
2864,Spain
2865,United States
2866,United States
2867,United States
2868,Yugoslavia
2869,United States
2870,United States
2871,United States
2872,United States
2873,Brazil
2874,Russia
2875,Russia
2876,Brazil
2877,Mexico
2878,Russia
2879,United States
2880,Brazil
2881,Sainte Lucia Island
2882,United States
2883,Colombia
2884,: Massachusetts
2885, New Mexico
2886,South Vietnam
2887,USSR
2888,Canada
2889,United States
2890,USSR
2891,Italy
2892,United States
2893,Peru
2894,South Vietnam
2895,Morocco
2896,USSR
2897,South Africa
2898,Italy
2899,Bolivia
2900,United States
2901,Ukraine
2902,Colombia
2903,Bolivia
2904,Colombia
2905,United States
2906,USSR
2907,Turkey
2908,United States
2909,United States
2910,American Samoa
2911,HI
2912,Crete
2913,Atlantic Ocean
2914,United States
2915, Bolivia
2916,Iran
2917,France
2918,Vietnam
2919,United States
2920,United States
2921,Iran
2922,Botswana
2923,United States
2924,Indonesia
2925,Uzbekistan
2926,USSR
2927,United States
2928,Ecuador
2929,Germany
2930,United States
2931,USSR
2932,Canada
2933, Colombia
2934,Khmer Republic
2935,United States
2936,Colombia
2937,Vietnam
2938,Canada
2939,Syria
2940,Upper Volta
2941,Colombia
2942,United States
2943,Venezuela
2944,Zaire
2945,Bolivia
2946,Indonesia
2947,Greece
2948,United States
2949,South Vietnam
2950,United States
2951,United States
2952,United States
2953,U.S. Virgin Islands
2954,Guatemala
2955,United States
2956,Egypt
2957,Formosa Strait
2958,United States
2959,Philippines
2960,United States
2961,United States
2962,United States
2963,United States
2964,United States
2965,Canada
2966,Russia
2967,Denmark
2968,United States
2969,Philippines
2970,Ethiopia
2971,Kenya
2972,Spain
2973,United States
2974,United States
2975,Russia
2976,Sri Lanka
2977,United States
2978,South Vietnam
2979,Uzbekistan
2980,Venezuela
2981,Washingon
2982,Guatemala
2983,Romania
2984,Russia
2985,Vietnam
2986,United States
2987,Argentina
2988,Colombia
2989,United States
2990,United States
2991,Hunary
2992,Laos
2993,Turkey
2994,Dominican Republic
2995,United States
2996,United States
2997,Philippines
2998,Crete
2999,United States
3000,Colombia
3001,Brazil
3002,United States
3003,South Vietnam
3004,Argentina
3005,Sudan
3006,Russia
3007,United States
3008,South Vietnam
3009,United States
3010,United States
3011,Colombia
3012,Australia
3013,United States
3014,Thailand
3015,Philippines
3016,Brazil
3017,United States
3018,United States
3019,Colombia
3020,France
3021,Chile
3022,United States
3023,Colombia
3024,United States
3025,USSR
3026,United States
3027,Taiwan
3028,Chile
3029,Honduras
3030,Morocco
3031,United States
3032,Russia
3033,USSR
3034,Syria
3035,United States
3036,United States
3037,El Salvador
3038,East Germany
3039,Ethiopia
3040,Indonesia
3041,Lebanon
3042,Canada
3043,Colombia
3044,Russia
3045,Australia
3046,United States
3047,Bolivia
3048,Czechoslovakia
3049,Gulf of Mexico
3050,United States
3051,United States
3052,USSR
3053,Guatemala
3054,USSR
3055,USSR
3056,Bulgaria
3057,Egypt
3058,England
3059,United States
3060,Philippines
3061,United States
3062,Saudi Arabia
3063,Russia
3064,United States
3065,United States
3066,Philippines
3067,United States
3068,Colombia
3069,Bolivia
3070,Ecuador
3071,China
3072,Brazil
3073,Kyrgyzstan
3074,United States
3075,Colombia
3076,Spain
3077,United States
3078,Russia
3079,Virgin Islands
3080,Romania
3081,Southeastern Bolivia
3082,Russia
3083,United States
3084,United States
3085,Havana. Cuba
3086,Colombia
3087,United States
3088,United States
3089,United States
3090,Argentina
3091,United States
3092,Gulf of Mexico
3093,Virgin Islands
3094,United States
3095,Zambia
3096,Philippines
3097,Spain
3098,USSR
3099,United States
3100,Philipines
3101,Equatorial Guinea
3102,Guam
3103,Malaysia
3104,United States
3105,Uganda
3106,Burma
3107,United States
3108,United States
3109,Czechoslovakia
3110,United States
3111,Iran
3112,Spain
3113,Ecuador
3114,United States
3115,Peru
3116,England
3117,Greenland
3118,Vietnam
3119,United States
3120,Portugal
3121,Canada
3122,Russia
3123,Yugoslavia
3124,Turkey
3125,United States
3126,Canada
3127,United States
3128,Kenya
3129,Barbados
3130,United States
3131,Bolivia
3132,India
3133,United States
3134,Colombia
3135,Brazil
3136,Indonesia
3137,Atlantic Ocean
3138,Ireland
3139,Greece
3140,Congo
3141,Russia
3142,United States
3143,United States
3144,Russia
3145,USSR
3146,Russia
3147,Thailand
3148,Wisconson
3149,Peru
3150,United States
3151,United States
3152,USSR
3153,Canada
3154,Sweden
3155,['?']
3156,Bolivia
3157,Slovakia
3158,Russia
3159,Canada
3160,Yemen
3161,Italy
3162,Niger
3163,Canada
3164,Canary Islands
3165,Indonesia
3166,Russia
3167,Philippines
3168,United States
3169,Colombia
3170,Estonia
3171,Guatemala
3172,Jordan
3173,Lebanon
3174,Zambia
3175,United States
3176,Cuba
3177,United States
3178,Brazil
3179,Uruguay
3180,Off Wake Island
3181,United States
3182,Ukraine
3183,Angola
3184,Ethiopia
3185,Russia
3186,United States
3187,Chile
3188,Honduras
3189,United States
3190,United States
3191,Argentina
3192,United States
3193,United States
3194,United States
3195,Costa Rica
3196,United States
3197,United States
3198,Off Hong Kong
3199,Ecuador
3200,United States
3201,Burma
3202,United States
3203,United States
3204,Romania
3205,United States
3206, Malaysia
3207, Washington
3208,United States
3209,United States
3210,Philippines
3211,Yugoslavia
3212,Mexico
3213,Portugal
3214,Italy
3215,Argentina
3216,United States
3217,France
3218,United States
3219,Lebanon
3220,Malaysia
3221,United States
3222,USSR
3223,Canary Islands
3224,United States
3225,United States
3226,Portugal
3227,United States
3228,United States
3229,Canada
3230,United States
3231,Netherlands Antilles
3232,Ecuador
3233,India
3234,United States
3235,United States
3236,Colombia
3237,Brazil
3238,Uruguay
3239,United States
3240,Canada
3241,United States
3242,United States
3243,United States
3244,Guam
3245,United States
3246,Nigeria
3247,Venezuela
3248,United States
3249,United States
3250,Bulgaria
3251,United States
3252,Burma
3253,Brazil
3254,United States
3255,Virgin Islands
3256,Russia
3257,United States
3258,West Samoa
3259,Colombia
3260,United States
3261,Japan
3262,Russia
3263,Newfoundland
3264,Norway
3265,Canada
3266,Kenya
3267,Bolivia
3268,United States
3269,United States
3270,Burma
3271,United States
3272,Atlantic Ocean
3273,Rhodesia (Zimbabwe)
3274,Canada
3275,Guinea
3276,Mexico
3277,United States
3278,United States
3279,AK
3280,Philippines
3281,Atlantic Ocean
3282,United States
3283,United States
3284,United States
3285,Finland
3286,Myanmar
3287,Chile
3288,Russia
3289,United States
3290,Solomon Islands
3291,USSR
3292,United States
3293,Brazil
3294,Egypt
3295,United States
3296,Sri Lanka
3297,United States
3298,West Indies
3299,India
3300,Venezuela
3301,United States
3302,United States
3303,Coloado
3304,Italy
3305,India
3306,United States
3307,United States
3308,Italy
3309,Caribbean
3310,United States
3311,United States
3312,Russia
3313,Russia
3314,United States
3315,Algeria
3316,France
3317,Japan
3318,Bosnia Herzegovina
3319,Brazil
3320,United States
3321,Rhodesia
3322,New Zealand
3323,Ethiopia
3324,United States
3325,Gabon
3326,United States
3327,United States
3328,Indonesia
3329,United States
3330,Qatar
3331,China
3332,Russia
3333,Russia
3334,Latvia
3335,United States
3336,Angola
3337,Canada
3338,United States
3339,United States
3340,United States
3341,Ecuador
3342,Russia
3343,United States
3344,United States
3345,Senegal
3346,United States
3347,India
3348,United States
3349,United States
3350,Indonesia
3351,Fiji
3352,United States
3353,United States
3354,Lebanon
3355,Virgin Islands
3356,Scotland
3357,United States
3358,USSR
3359,United States
3360,India
3361,United States
3362,Egypt
3363,Russia
3364,Colombia
3365,USSR
3366,Canada
3367,Russia
3368,France
3369,Russia
3370,Taiwan
3371, Italy
3372,United States
3373,Canada
3374,United States
3375,British Columbia Canada
3376,United States
3377,United States
3378,Greece
3379,United States
3380,United States
3381,United States
3382,Russia
3383,Mexico
3384,Mexico
3385,Canada
3386,United States
3387,United States
3388,United States
3389,Russia
3390,United States
3391,Canada
3392,Saudi Arabia
3393,Antarctica
3394,Colombia
3395,United States
3396,Russia
3397,Bolivia
3398,Colombia
3399,Peru
3400,Turkey
3401,Papua New Guinea
3402,Haiti
3403,Over the Atlantic Ocean
3404,United States
3405,Iran
3406, Indonesia
3407,Burma
3408,Cuba
3409,United States
3410,Australia
3411,India
3412,Philippines
3413,Poland
3414,Turkey
3415,United States
3416,Brazil
3417,Canada
3418,Brazil
3419,Brazil
3420,Russia
3421,Iran
3422,Canary Islands
3423,Thailand
3424,Brazil
3425,Cuba
3426,United States
3427,Spain
3428,Bolivia
3429,Angola
3430,Russia
3431,United States
3432,United States
3433,Italy
3434,Mexico
3435,USSR
3436,United States
3437,United States
3438,United States
3439,Mexico
3440,United States
3441,United States
3442,Mauretania
3443,Brazil
3444,Spain
3445,Saudi Arabia
3446,Indonesia
3447,France
3448,Colombia
3449,Bahamas
3450,Zaire
3451,Saudi Arabia
3452,Zaire
3453,Iceland
3454,Afghanistan
3455,United States
3456,Venezuela
3457,Egypt
3458,Papua New Guinea
3459,South Korea
3460,Colombia
3461,United States
3462,Tanzania
3463,IN
3464,United States
3465,"['Tumut', '', ' Australia']"
3466,Colombia
3467,Qatar
3468,West Germany
3469,United States
3470,United States
3471,Russia
3472,United States
3473,United States
3474,United States
3475,Brazil
3476,United States
3477,Off Tabones Island  Philippines
3478,United States
3479,Comoro Islands
3480,United States
3481,Poland
3482,United States
3483,New Guinea
3484,Bolivia
3485,United States
3486,United States
3487,Indonesia
3488,Russia
3489,United States
3490,Argentina
3491,Angola
3492,Mexico
3493,Ecuador
3494,Ecuador
3495,United States
3496,Egypt
3497,Taiwan
3498,Russia
3499,Colombia
3500,England
3501,United States
3502,Armenia
3503,Somalia
3504,United States
3505,Madagascar
3506,Colombia
3507,Mexico
3508,United States
3509,Taiwan
3510,Russia
3511,Colombia
3512,Russia
3513,Colombia
3514,Russian
3515,United States
3516,Turkey
3517,Iran
3518,United States
3519,Netherlands
3520,Austria
3521,U.S. Virgin Islands
3522,Cameroon
3523,Mexico
3524,United States
3525,Russia
3526,Nepal
3527,Saint Lucia Island
3528,France
3529,United States
3530,United States
3531,AK
3532,Brunei
3533,Colombia
3534,United States
3535,United States
3536,USSR
3537,D.C.
3538,Ethiopia
3539,United States
3540,Romania
3541,Djbouti
3542,South Korea
3543,India
3544,Philippines
3545,Japan
3546,Colombia
3547,United States
3548,Norway
3549,United States
3550,United States
3551,Indonesia
3552,Colombia
3553,United States
3554,Turkey
3555,China
3556,United States
3557,Gulf of Thailand
3558,Yemen
3559,United States
3560,South Atlantic Ocean
3561,Brazil
3562,Indonesia
3563,South Korea
3564,Brazil
3565,Brazil
3566,India
3567,Indonesia
3568,USSR
3569,Gabon
3570,Russia
3571,United States
3572,Philippines
3573,United States
3574,United States
3575,United States
3576,United States
3577,Pacific Ocean
3578,Myanmar
3579,Nicaragua
3580,USSR
3581,Saint Lucia
3582,United States
3583,Ecuador
3584,Brazil
3585,West Germany
3586,Spain
3587,Alaksa
3588,Canada
3589,United States
3590,Luxembourg
3591,Atlantic Ocean
3592,Off Taiwan
3593,United States
3594,Angola
3595,Colombia
3596,United States
3597,United States
3598,Nicaragua
3599,Chile
3600,Alaksa
3601,United States
3602,France
3603,Russia
3604,China
3605,United States
3606,United States
3607,Papua New Guinea
3608,Turkey
3609,United States
3610,United States
3611,Brazil
3612,Afghanistan
3613,Barquisimeto Venezuela
3614,United States
3615,United States
3616,China
3617,United States
3618,Sudan
3619,Russia
3620,Japan
3621,Japan
3622,Ecuador
3623,United States
3624,Thailand
3625,Bahamas
3626,United States
3627,Indonesia
3628,South Africa
3629,Taiwan
3630,United States
3631,United States
3632,Mali
3633,United States
3634,United States
3635,Guinea
3636,Ecuador
3637,UK
3638,Canada
3639,Indonesia
3640,Indonesia
3641,United States
3642,United States
3643,Angola
3644,Australia
3645,USSR
3646,Russia
3647,Canada
3648,China
3649,UAE
3650,United States
3651,Taiwan
3652,United States
3653,Brazil
3654,Myanmar
3655,United States
3656,United States
3657,Angola
3658,Canada
3659,United States
3660,Spain
3661,Nigeria
3662,Spain
3663,United States
3664,Colombia
3665,Canada
3666,Russia
3667,Jordan
3668,Russia
3669,United States
3670,Bulgaria
3671,Bolivia
3672,Indonesia
3673,Russia
3674,United States
3675,Ethiopia
3676,El Salvador
3677,Australia
3678,Colombia
3679,Japan
3680,United States
3681,Spain
3682,United States
3683,Colombia
3684,Bolivia
3685,Bolivia
3686,South Korea
3687,Off  Bimini
3688,Brazil
3689,Brazil
3690,Egypt
3691,Argentina
3692,United States
3693,United States
3694,United States
3695,Brazil
3696,Canada
3697,Philippines
3698,Italy
3699,United States
3700,American Samoa
3701,United States
3702,United States
3703,Pakistan
3704,Bangladesh
3705,Kenya
3706,United States
3707,Indonesia
3708,United States
3709,Cameroon
3710,New Guinea
3711,United States
3712,Zaire
3713,Poland
3714,Ecuador
3715,Afghanistan
3716,Canada
3717,United States
3718,Canada
3719,Russia
3720,Canada
3721,Afghanistan
3722,Philippines
3723,England
3724,Peru
3725,USSR
3726,United States
3727,United States
3728,United States
3729,Peru
3730,Nepal
3731,Russia
3732,Bolivia
3733,United States
3734,China
3735,Cuba
3736,United States
3737,United States
3738,Honduras
3739,Colombia
3740,Colombia
3741,USSR
3742,United States
3743,United States
3744,United States
3745,United States
3746,Indonesia
3747,United States
3748,Spain
3749,Mali
3750,United States
3751,United States
3752,Colombia
3753,Argentina
3754,United States
3755,Thailand
3756,United States
3757,United States
3758,Greenland
3759,Bolivia
3760,USSR
3761,Japan
3762,Mozambique
3763,United States
3764,United States
3765,Venezuela
3766,United States
3767,Greece
3768,Brazil
3769,110 miles West of Ireland
3770,United States
3771,USSR
3772,United States
3773,Colombia
3774,United States
3775,Japan
3776,Indonesia
3777,Yemen
3778,United States
3779,England
3780,United States
3781,United States
3782,Papua New Guinea
3783,Afghanistan
3784,United States
3785,Afghanistan
3786,United States
3787,Ukraine
3788,United States
3789,New Zealand
3790,Brazil
3791,Australia
3792,USSR
3793,Bolivia
3794,United States
3795,Myanmar
3796,United States
3797,United States
3798,United States
3799,United States
3800,Indonesia
3801,Malta
3802,Angola
3803,Canada
3804,Nepal
3805,United States
3806,Guatemala
3807,United States
3808,Brazil
3809,Mexico
3810,Zaire
3811,Taiwan
3812,Russia
3813,Switzerland
3814,United States
3815,Indonesia
3816,India
3817,Canada
3818,Soviet Union
3819,Central African Republic
3820,Mozambique
3821,Mexico
3822,Greece
3823,United States
3824,Colombia
3825,El Salvador
3826,Taiwan
3827,Sri Lanka
3828,Soviet Union
3829,United States
3830,Djibouti
3831,Madagascar
3832,Egypt
3833,Islay Island
3834,Panama
3835,United States
3836, Russia
3837,Russia
3838,Mozambique
3839,United States
3840,Leeward Islands
3841,Honduras
3842,Sudan
3843,United States
3844,United States
3845,United States
3846,United States
3847,Australia
3848,Pakistan
3849,United States
3850,Netherlands
3851,Brazil
3852,Indonesia
3853,United States
3854,USSR
3855,Chile
3856,Iran
3857,United States
3858,South Africa
3859,Russia
3860,United States
3861,Pakistan
3862,Nicaragua
3863,Iran
3864,Scotland
3865,Afghanistan
3866,East Germany
3867,China
3868,Saudi Arabia
3869,Fiji
3870,Equatorial Guinea
3871,Ivory Coast
3872,Canada
3873,Ethiopia
3874,United States
3875,Uzbekistan
3876,United States
3877,Liberia
3878,Cameroon
3879,New Guinea
3880,Afghanistan
3881,Mexico
3882,United States
3883,Kazakhstan
3884,United States
3885,United States
3886,United States
3887,Pakistan
3888,United States
3889,Norway
3890,Indonesia
3891,United States
3892,United States
3893,Sudan
3894,United States
3895,Poland
3896,Canada
3897,United States
3898,Bolivia
3899,Indonesia
3900,Indonesia
3901,Germany
3902,Venezuela
3903,Afghanistan
3904,Peru
3905,USSR
3906,Burma
3907,Philippines
3908,United States
3909,Switzerland
3910,Mexico
3911,Guatemala
3912,Chile
3913,United States
3914,France
3915,Thailand
3916,Brazil
3917,Afghanistan
3918,United States
3919,Egypt
3920,Myanmar
3921,Colombia
3922,Italy
3923,Russia
3924,United States
3925,United States
3926,Malawi
3927,Canada
3928,United States
3929,United States
3930,New Zealand
3931,Indian Ocean
3932,Over the Andaman Sea
3933,Rwanda
3934,United States
3935,Peru
3936,Papua New Guinea
3937,Philippines
3938,Brazil
3939,France
3940,Eugene Island
3941,United States
3942,United States
3943,United States
3944,Pacific Ocean
3945,Turkey
3946,United States
3947,China
3948,Bolivia
3949,USSR
3950,Taiwan
3951,United States
3952,Russia
3953,Panama
3954,United States
3955,Germany
3956,United States
3957,Cyprus
3958,Russia
3959,South Africa
3960,France
3961,Ecuador
3962,United States
3963,Colombia
3964,Egypt
3965,Cyprus
3966,Afghanistan
3967,South Africa
3968,France
3969,USSR
3970,Angola
3971,United States
3972,Norway
3973,United States
3974,United States
3975,Costa Rica
3976,Germany
3977,Ecuador
3978,United States
3979,Argentina
3980,Central Mozambique
3981,France
3982,Iran
3983,Colombia
3984,United States
3985,Nigeria
3986,United States
3987,United States
3988,Iceland
3989,Bulgaria
3990,Northern Afghanistan
3991,Pakistan
3992,Bahamas
3993,Zaïre
3994,Russia
3995,West Germany
3996,Hong Kong
3997,Mexico
3998,Mexico
3999,United States
4000,United States
4001,Thailand
4002,Ecuador
4003,Canada
4004,Ethiopia
4005,Pakistan
4006,Brazil
4007,Russia
4008,China
4009,United States
4010,United States
4011,Italy
4012,India
4013,India
4014,Peru
4015,Poland
4016,United States
4017,Finland
4018,France
4019,France
4020,Libya
4021,Russia
4022,Mauritania
4023,Afghanistan
4024,USSR
4025,Egypt
4026,Australia
4027,Scotland
4028,England
4029,United States
4030,Bolivia
4031,United States
4032,United States
4033,Myanmar
4034,France
4035,Portugal
4036,Romania
4037,United States
4038,Malaysia
4039,United States
4040,Honduras
4041,Canada
4042,Canada
4043,Peru
4044,United States
4045,United States
4046,South Korea
4047,Brazil
4048,France
4049,Colombia
4050,Colombia
4051,Mexico
4052,United States
4053,Sweden
4054,China
4055,Surinam
4056,Colombia
4057,United States
4058,Germany
4059,Iran
4060,Peru
4061,Taiwan
4062, Cameroon
4063,Somalia
4064,United States
4065,United States
4066,United States
4067,USSR
4068,New Guinea
4069,Philippines
4070,Afghanistan
4071,Angola
4072,South Korea
4073,Libya
4074,New Zealand
4075,Greece
4076,Ethiopia
4077,New Zealand
4078,United States
4079,China
4080,United States
4081,Pakistan
4082,United States
4083,Brazil
4084,Cuba
4085,Denmark
4086,Indonesia
4087,United States
4088,Niger
4089,United States
4090,United States
4091,Afghanistan
4092,"Centeral Afghanistan
Afghanistan"
4093,India
4094,Sudan
4095, Canada
4096,United States
4097,Ukraine
4098,Canada
4099,United States
4100,United States
4101,Peru
4102,Russia
4103,Russia
4104,Honduras
4105,China
4106,USSR
4107,United States
4108,Liberia
4109,Lesotho
4110,Norway
4111,Russia
4112,Albania
4113,South Korea
4114,Angola
4115,Colombia
4116,Venezuela
4117,United States
4118,United States
4119,Bolivia
4120,United States
4121,Romania
4122,Milford Sound
4123,Indonesia
4124,Russia
4125,Costa Rica
4126,United States
4127,United States
4128,Venezuela
4129,United States
4130,Indonesia
4131,Mongolia
4132,Congo
4133,United States
4134,United States
4135,Colombia
4136,Brazil
4137,India
4138,Zambia
4139,United States
4140,India
4141,United States
4142,Sierre Leone
4143,Honduras
4144,Santiago de Cuba
4145,Angola
4146,Afghanistan
4147,Brazil
4148,Norway
4149,Panama
4150,Zaire
4151,Philippines
4152,Canada
4153,England
4154,Guatemala
4155,Mexico
4156,Germany
4157,Australia
4158,Philippines
4159,Philippines
4160,Brazil
4161,Canada
4162,England
4163,United States
4164,United States
4165,New Guinea
4166,Grenadines Islands
4167,Afghanistan
4168,Peru
4169,USSR
4170,Afghanistan
4171,Taiwan
4172,United States
4173,Germany
4174,United States
4175,Canada
4176,Greenland
4177,Russia
4178,Brazil
4179,United States
4180,China
4181,United States
4182,Bolivia
4183,Cuba
4184,Russia
4185,Switzerland
4186,Colombia
4187,USSR
4188,Thailand
4189,Italy
4190,United States
4191,Kenya
4192,Indonesia
4193,United States
4194,Venezuela
4195,Brazil
4196,Indonesia
4197,Saudi Arabia
4198,United States
4199,Greece
4200,United States
4201,United States
4202,Ecuador
4203,United States
4204,Chile
4205,Angola
4206,United States
4207,Venezuela
4208,Germany
4209,Angola
4210,CA
4211,Brazil
4212,Bahamas
4213,Saudi Arabia
4214,United States
4215, Uzbekistan
4216,India
4217,Belize
4218,United States
4219,Canada
4220,United States
4221,French Polynesia
4222,Sudan
4223,Indonesia
4224,Airzona
4225,Colombia
4226,USSR
4227,Iran
4228,Thailand
4229,Great Inagua
4230,Angola
4231,Colombia
4232,Russia
4233,Nigeria
4234,Colombia
4235,Peru
4236,United States
4237,Saudi Arabia
4238,United States
4239,United States
4240,Vanuatu
4241,Cook Islands
4242,Romania
4243,United States
4244,['?']
4245,India
4246,United States
4247,United States
4248,Indonesia
4249,Malaysia
4250,United States
4251,USSR
4252,Colombia
4253,Djibouti
4254,United States
4255,Russia
4256,USSR
4257,Solomon Islands
4258, Colombia
4259,Indonesia
4260,Indonesia
4261,Venezuela
4262,Indonesia
4263,United States
4264,Canada
4265,USSR
4266,Russia
4267,Brazil
4268,Russia
4269,United States
4270,United States
4271,USSR
4272,Russia
4273,Mozambique
4274,Russia
4275,Brazil
4276,United States
4277,United States
4278,Germany
4279,Sweden
4280,Kenya
4281,Taiwan
4282,United States
4283,United States
4284,France
4285,Canada
4286,Azerbaijan
4287,Brazil
4288,United States
4289,Senegal
4290,United States
4291,En route from Argentina  to  California
4292,Bolivia
4293,United States
4294,Congo
4295,United States
4296,Russia
4297,Greece
4298,Russia
4299,Libya
4300,Taiwan
4301,Papua New Guinea
4302,Kenya
4303,United States
4304,United States
4305,United States
4306,Iran
4307,United States
4308,Panama
4309,United States
4310,United States
4311,Wisconson
4312,United States
4313,Australia
4314,Brazil
4315,Russia
4316,Virgin Islands
4317,Sri Lanka
4318,United States
4319,Azerbaijan
4320,Yemen
4321,United States
4322, Indonesia
4323,Macedonia
4324,Mexico
4325,Brazil
4326,United States
4327,United States
4328,China
4329,Nepal
4330,Bolivia
4331,United States
4332,Russia
4333,Canada
4334,Peru
4335,El Salvador
4336,Angola
4337,United States
4338,Peru
4339,Russia
4340,United States
4341,Netherlands Antilles
4342,Colombia
4343,Russia
4344,Nigeria
4345,Nepal
4346,Netherlands
4347,United States
4348,China
4349,Somalia
4350,Indonesia
4351,Russia
4352,Peru
4353,Russia
4354,United States
4355,United States
4356,India
4357,Russia
4358,Vietnam
4359,Dominican Republic
4360,United States
4361,China
4362,United States
4363,Mexico
4364,Congo
4365,United States
4366,Portugal
4367,Libya
4368,United States
4369,France
4370,Indonesia
4371,England
4372,Canada
4373,Democratic Republic Congo
4374,Indonesia
4375,Iran
4376,Afghanistan
4377,Colombia
4378,Taiwan
4379,Macedonia
4380,United States
4381,Norway
4382,Brazil
4383,United States
4384,United States
4385,Tennesee
4386,Venezuela
4387,United States
4388,United States
4389,Mongolia
4390,India
4391,Afghanistan
4392,Gambia
4393,United States
4394,Fiji
4395,Mexico
4396,Colombia
4397,Colombia
4398,Sudan
4399,Papua New Guinea
4400,Indonesia
4401,United States
4402,Indonesia
4403,United States
4404,United States
4405,United States
4406,China
4407,South Korea
4408,Malaysia
4409,Nepal
4410,United States
4411,Cuba
4412,Russia
4413,Tajikistan
4414,Poland
4415,United States
4416,United States
4417, Georgia
4418,United States
4419,New Zealand
4420,China
4421,Norway
4422,United States
4423,Canada
4424,China
4425,Iran
4426,Macedonia
4427,Guatemala
4428,United States
4429,Canada
4430,Senegal
4431,Laos
4432,United States
4433,Philippines
4434,Armenia
4435,Russia
4436,United States
4437,United States
4438,Democratic Republic Congo
4439,Russia
4440,England
4441,Peru
4442,United States
4443,India
4444, Australia
4445,Kenya
4446,Near Nag
4447,United States
4448,United States
4449,Australia
4450,Colombia
4451,United States
4452,Russia
4453,United States
4454,Netherlands
4455,Ecuador
4456,Rwanda
4457,Northern Iraq
4458,Indonesia
4459,Japan
4460,United States
4461,Colombia
4462,Brazil
4463,Colombia
4464,Colombia
4465,Scotland
4466,China
4467,Mexico
4468,United States
4469,Indonesia
4470,United States
4471,Ivory Coast
4472,Afghanistan
4473,France
4474,Mauritania
4475,United States
4476,United States
4477,United States
4478,Democratic Republic Congo
4479,Martinique
4480,Panama
4481,Indonesia
4482,Russia
4483,United States
4484,South Korea
4485,United States
4486,United States
4487,United States
4488,Morocco
4489,United States
4490,Nigeria
4491,Canada
4492,Algeria
4493,Hong Kong
4494,Russia
4495,Paraguay
4496,Brazil
4497,Russia
4498,Australia
4499,Colombia
4500,Iran
4501,Brazil
4502,Angola
4503,Russia
4504,Russia
4505,United States
4506,Mexico
4507,Indonesia
4508,Peru
4509,United States
4510,United States
4511,Papua New Guinea
4512,Angola
4513,Pacific Ocean
4514,United States
4515,United States
4516,Angola
4517,Venezuela
4518,New Guinea
4519,England
4520,Algeria
4521,Turkey
4522,Iran
4523,Inodnesia
4524,Colombia
4525,United States
4526,Canada
4527,United States
4528,United States
4529,United States
4530,Nepal
4531,Russia
4532,France
4533,Taiwan
4534,United States
4535,United States
4536,Russia
4537,United States
4538,New Zealand
4539,Romania
4540,United States
4541,Nigeria
4542,Australia
4543,Sri Lanka
4544,Canada
4545,Ecuador
4546,Colombia
4547,United States
4548,England
4549,Colombia
4550,Senegal
4551,United States
4552,New Zealand
4553,Russia
4554,Russia
4555,Angola
4556,Nigeria
4557,Dominican Republic
4558,United States
4559,Papua New Guinea
4560,United States
4561,Papua New Guinea
4562, Indonesia
4563,Madagascar
4564,Papua New Guinea
4565,South Africa
4566,Indonesia
4567,El Salvador
4568,Colombia
4569,United States
4570,United States
4571,United States
4572,Canada
4573,Colombia
4574,Afghanistan
4575,Sri Lanka
4576,Bahamas
4577, Malaysia
4578,Australia
4579,Mongolia
4580,United States
4581,Russia
4582,Canada
4583,Indonesia
4584,Kirghizia
4585,United States
4586,New Guinea
4587,Mexico
4588,Argentina
4589,Nigeria
4590,Sri Lanka
4591,Malaysia
4592,Azerbaijan
4593,Cameroon
4594,Russia
4595,Russia
4596,Haiti
4597,Italy
4598,Angola
4599,Colombia
4600,Papua New Guinea
4601,Zaire
4602,Barbados
4603,Nigeria
4604,Sri Lanka
4605,New Zealand
4606,Paraguay
4607,United States
4608,Domincan Republic
4609,Mexico
4610,Afghanistan
4611,Hati
4612,Guatemala
4613,Austria
4614,Sudan
4615,Angola
4616,Peru
4617,Brazil
4618,Peru
4619,Turkmenistan
4620,Venezuela
4621,United States
4622,Croatia
4623,Russia
4624,Taiwan
4625,United States
4626,Sudan
4627,Canada
4628,Mexico
4629,United States
4630,Papua New Guinea
4631,United Kingdom
4632,Democratic Republic Congo
4633,Iran
4634,Queensland  Australia
4635,Japan
4636,China
4637,United States
4638,New Guinea
4639,India
4640,The Netherlands
4641,United States
4642,Mexico
4643,United States
4644,Manmar
4645,Canada
4646,Canada
4647,United States
4648,Canada2
4649,Yugosalvia
4650,Norway
4651,Brazil
4652,United States
4653,Netherlands
4654,Peru
4655,Congo
4656,Angola
4657,Italy
4658,United States
4659,Canada
4660,Ecuador
4661,Russia
4662,Brazil
4663,Guatemala
4664,France
4665,Nigeria
4666,India
4667,Kenya
4668,Russia
4669,United States
4670,CA
4671,Comoros
4672,United States
4673,Russia
4674,Colombia
4675,Indonesia
4676,United States
4677,Russia
4678,Colombia
4679,United States
4680,India
4681,United States
4682,United States
4683,Samoa
4684,United States
4685,United States
4686,Nigeria
4687,Senegal
4688,Angola
4689,Northern Israel
4690,Brazil
4691,Guatemala
4692,Canada
4693,Colombia
4694,Angola
4695,Iran
4696,Russia
4697,Honduras
4698,United States
4699,United States
4700,Democratic Republic Congo
4701,Azerbaijan
4702,Niger
4703,Indonesia
4704,Afghanistan
4705,China
4706,Congo
4707,Mongolia
4708,India
4709,United States
4710,Colombia
4711,Brazil
4712,Cuba
4713,United States
4714,Indonesia
4715, New Guinea
4716,Thailand
4717,Nigeria
4718,Italy
4719,Guam
4720,United States
4721,Taiwan
4722,Canada
4723,Australia
4724,Brazil
4725,Venezuela
4726,Cambodia
4727,Malaysia
4728,Zaire
4729,Africa
4730,Indonesia
4731,United States
4732,Gambia
4733,Taiwan
4734,Uruguay
4735,United States
4736,Afghanistan
4737,Canada
4738,United States
4739,Russia
4740,Canada
4741,Bolivia
4742,United Arab Emirates
4743,Canada
4744,Greece
4745,Indonesia
4746,Greece
4747,off Angola
4748,Over the Pacific Ocean
4749,Panama
4750,United States
4751,Pakistan
4752,Czech Republic
4753,Myanmar
4754,Philippines
4755,Italy
4756,Portugal
4757,Spain
4758,Sudan
4759,Taiwan
4760,Tennesee
4761,United States
4762,Kenya
4763,Taiwan
4764,Afghanistan
4765,Philippines
4766,Peru
4767,Mexico
4768,Colombia
4769,Peru
4770,Mauritania
4771,Laos
4772,United States
4773,Mongolia
4774,Canada
4775,United States
4776,United Arab Emirates
4777,Argentina
4778,Eritrea
4779,Mexico
4780,England
4781,Spain
4782,Brazil
4783,France
4784,India
4785,Canada
4786,Angola
4787,New Zealand
4788,Nepal
4789,Dominica
4790,Myanmar
4791,South Africa
4792,Ecuador
4793,Angola
4794,Canada
4795,United States
4796,Pakistan
4797,New Zealand
4798,Morroco
4799,Cape Verde
4800,Sri Lanka
4801,Venezuela
4802,Congo
4803,Brazil
4804,Armenia
4805,Uganda
4806,Guatemala
4807,Russia
4808,Nepal
4809,United States
4810,British Columbia
4811,Tasmania
4812,United States
4813,Canada
4814,Thailand
4815,Angola
4816,Angola
4817,Colombia
4818,Angola
4819,Angola
4820,England
4821,Germany
4822,Canada
4823,Australia
4824,Nepal
4825,Nicaragua
4826,Angola
4827,Papua New Guinea
4828, Democratic Republic Congo
4829,United States
4830,China
4831,Italy
4832,India
4833,Colombia
4834,Canada
4835,Brazil
4836,Turkey
4837,Colombia
4838,China
4839,Vanuatu
4840,Malaysia
4841,Kenya
4842,United States
4843,Sudan
4844,United States
4845,Philippines
4846,Papua New Guinea
4847,Canada
4848,Belgium
4849,Angola
4850,Myanmar
4851,Colombia
4852,Nepal
4853,Mexico
4854,United States
4855,Nicaragua
4856,Japan
4857,Colombia
4858,Fiji
4859,United States
4860,Cape Verde Islands
4861,Canada
4862,China
4863,Taiwan
4864,Uzbekistan
4865,Argentina
4866,Tanzania
4867,Scotland
4868,Nepal
4869,United States
4870,Brazil
4871,Romania
4872,Spain
4873,Mexico
4874,United States
4875,Saudi Arabia
4876,Italy
4877,Venezuela
4878,United States
4879,United States
4880,United States
4881,Mexico
4882,Kosovo
4883,Kenya
4884,Russia
4885,South Africa
4886,Philippines
4887,United States
4888,United States
4889,Sweden
4890,Kuwait
4891,Azores (Portugal)
4892,Guatemala
4893,United Kingdom
4894,Afghanistan
4895,Venezuela
4896,Nepal
4897,Turkey
4898,Nigeria
4899,Switzerland
4900,Libya
4901,Costa Rica
4902,Turkey
4903,Ivory Coast
4904,United States
4905,Iran
4906,United States
4907,United States
4908,Calilfornia
4909,Russia
4910,Panama
4911,Canada
4912,Spain
4913,Sri Lanka
4914,Angola
4915,Sri Lanka
4916,Argentina
4917,United States
4918,Democratic Republic Congo
4919,Philippines
4920,Congo
4921,Papua New Guinea
4922,France
4923,Guyana
4924,United States
4925,Gabon
4926,United States
4927,France
4928,Philippines
4929,Australia
4930,Ghana
4931,England
4932,Brazil
4933,China
4934,United States
4935,Japan
4936,Philippines
4937,Mexico
4938,Colombia
4939,United States
4940,India
4941,United States
4942,Bahamas
4943,United States
4944,France
4945,Jordan
4946,Nepal
4947,Brazil
4948,Chile
4949,United States
4950,Congo
4951,Canada
4952,United States
4953,Bahrain
4954,United States
4955,Costa Rica
4956,Colombia
4957,Australia
4958,Sri Lanka
4959,United States
4960,Mexico
4961,Canada
4962,United States
4963,United States
4964,United States
4965,Laos
4966,Republic of Georgia
4967,Taiwan
4968,Angola
4969,Democratic Republic Congo
4970,United States
4971,Angola
4972,United States
4973,Spain
4974,BO
4975,China
4976,Indonesia
4977,United States
4978,United States
4979,Venezuela
4980,United States
4981,Colombia
4982,United States
4983,Germany
4984,Suriname
4985,Scotland
4986,Brazil
4987,United States
4988,Thailand
4989,Saudi Arabia
4990,Angola
4991,French West Indies
4992,Indonesia
4993,United States
4994,United States
4995,United States
4996,Sudan
4997,Vietnam
4998,Argentina
4999,Turkey
5000,Iran
5001,Argentina
5002,Russia
5003,Indonesia
5004,Russia
5005,South Korea
5006,Venezuela
5007,Russia
5008,United States
5009,Iceland
5010,United States
5011,Democratic Republic Congo
5012,Azores
5013,United States
5014,Bahamas
5015,Spain
5016,United States
5017,United States
5018,United States
5019,Virginia.
5020,Mexico
5021,Brazil
5022,Guatemala
5023,United States
5024,Russia
5025,Canada
5026,Italy
5027,Spain
5028,United States
5029,Canada
5030,Brazil
5031,United States
5032,United States
5033,Russia
5034,United States
5035,Estonia
5036,Switzerland
5037,Nigeria
5038,Costa Rica
5039,Russia
5040,United States
5041,United States
5042,Democratic Republic Congo
5043,Colombia
5044,Switzerland
5045,Germany
5046,United States
5047,England
5048,Pakistan
5049,Spain
5050,Mexico
5051,Indonesia
5052,Ecuador
5053,New Zealand
5054,Angola
5055,Colombia
5056,United States
5057,Iran
5058,Liberia
5059,Russia
5060,Philippines
5061,Italy
5062,Cuba
5063,United States
5064,Republic of Djibouti
5065,Australia
5066,Spain
5067,South Korea
5068,Australia
5069,Colombia
5070,Honduras
5071,Russia
5072,Nigeria
5073,China
5074,Tunisia
5075,Nigeria
5076,Indonesia
5077,Taiwan
5078,South Africa
5079,Angola
5080,Brazil
5081,Manitoba
5082,Afghanistan
5083,Germany
5084,Central African Republic
5085,United States
5086,United States
5087,England
5088,Indonesia
5089,Nepal
5090,Ukraine
5091,Russia
5092,United States
5093,Sri Lanka
5094,Chechnya
5095,Nepal
5096,Russia
5097,United States
5098,Brazil
5099,China
5100,Canada
5101,Peru
5102,Brazil
5103,Canada
5104,India
5105,Brazil
5106,United States
5107,United States
5108,Luxembourg
5109,Indonesia
5110,United States
5111,Philippines
5112,Kenya
5113,United States
5114,Papua New Guinea
5115,United States
5116,Taiwan
5117,Iran
5118,United States
5119,Brazil
5120,Comoros Islands
5121,Turkey
5122,United States
5123,Peru
5124,Gabon
5125,Kenya
5126,East Timor
5127,Morocco
5128,Estonia
5129,United States
5130,Iran
5131,Pakistan
5132,Russia
5133,Algeria
5134,Indonesia
5135,United States
5136,Congo
5137,Turkey
5138,United States
5139,Italy
5140, Brazil
5141,New Zealand
5142,Brazil
5143,United States
5144,France
5145,United States
5146,Iran
5147,Namibia
5148,Algeria
5149,Brazil
5150,Brazil
5151,Sudan
5152,Venezuela
5153,Bahamas
5154,Kenya
5155,United States
5156,United States
5157,Venezuela
5158,United States
5159,Russia
5160,Haiti
5161,United States
5162,Canada
5163,Mexico
5164,United States
5165,United States
5166,Canada
5167,New Zealand
5168,Sao Gabriel de Cachoeria
5169,Venezuela
5170,Argentina
5171,Mexico
5172,United States
5173,Iraq
5174,Guyana
5175,Australia
5176,Iraq
5177,Congo
5178,United States
5179,Canada
5180,Colombia
5181,United States
5182,Benin
5183,Egypt
5184,Uzbekistan
5185,Canada
5186,Algeria
5187,Bosnia-Herzegovina
5188,United Arab Emirates
5189,Italy
5190,Australia
5191,Azerbaijan
5192,United States
5193,United States
5194,Australia
5195,United States
5196,Mexico
5197,Venezuela
5198,Colombia
5199,Sudan
5200,Sudan
5201,Brazil
5202,China
5203,Kazakhstan
5204,Kenya
5205,Nepal
5206,Gabon
5207,Brazil
5208,Sierra Leone
5209,Panama
5210,United States
5211,British Virgin Islands
5212,Brazil
5213,Papua New Guinea
5214,United States
5215,United States
5216,Democratic Republic Congo
5217,Venezuela
5218,Russia
5219,Russia
5220,United States
5221,Mexico
5222,Greece
5223,United States
5224,Sudan
5225,Canada
5226,United States
5227,Colombia
5228,Philippines
5229,United States
5230,United States
5231,United States
5232,Venezuela
5233,China
5234,United States
5235,Afghanstan
5236,United States
5237,United States
5238,Indonesia
5239,United States
5240,Colombia
5241,Venezuela
5242,Brazil
5243,Saudi Arabia
5244,Colombia
5245,Russia
5246,United States
5247,Iraq
5248,Hungary
5249,Iraq
5250,Sudan
5251,Pakistan
5252,United States
5253,United States
5254,Indonesia
5255,New Guinea
5256,Venezuela
5257,United Kingdom
5258,Russia
5259,Tanzania
5260,Colombia
5261,Albania
5262,Indonesia
5263,Iran
5264,Iraq
5265,Peru
5266,New Zealand
5267,Democratic Republic Congo
5268,Australia
5269,Argentina
5270,Zambia
5271,Congo
5272,Sudan
5273,Equatorial Guinea
5274,Canada
5275,Italy
5276,Estonia
5277,Greece
5278,Venezuela
5279,Peru
5280,Democtratic Republic Congo
5281,Indonesia
5282,Congo
5283,Brazil
5284,Venezuela
5285,United States
5286,Democratic Republic Cogo
5287,Canada
5288,Nigeria
5289,Russia
5290,Iran
5291,United States
5292,Nigeria
5293,United States
5294,Azerbaijan
5295,United States
5296,Near Karkov
5297,Iraq
5298,Uganda
5299,Iran
5300,Hungary
5301,Canada
5302,Wisconson
5303,United States
5304,Spain
5305,Bolivia
5306,United States
5307,Ecuador
5308,Brazil
5309,Kenya
5310,Russia
5311,Cameroon
5312,Afghanistan
5313,Uganda
5314,Russia
5315,Saskatchewan
5316,Off São Tomé Island
5317,United States
5318,China
5319,United States
5320,Chad
5321,Napal
5322,Mozambique
5323,Germany
5324,Democratic Republic Congo
5325,Russia
5326,Pakistan
5327,Afghanistan
5328,Democratic Republic Congo
5329,United States
5330,Italy
5331,Ukraine
5332,United States
5333,Iran
5334,Afghanistan
5335,Russia
5336,Nigeria
5337,Brazil
5338,Norway
5339,Russia
5340,Nigeria
5341,Indonesia
5342,Colombia
5343,Iran
5344,United States
5345,United States
5346,Tanzania
5347,Indonesia
5348,Tanzania
5349,Iraq
5350,Mexico
5351,United States
5352,Iraq
5353,France
5354,Turks & Caicos Islands
5355,United States
5356,Indonesia
5357,United States
5358,United States
5359,Brazil
5360,Russia
5361,Somalia
5362,Guyana
5363,Chechnya
5364,Cameroon
5365,Egypt
5366,Congo
5367,Peru
5368,Sierra Leone
5369,Wisconson
5370,Mongolia
5371,Malawi
5372,Congo
5373,Cambodia
5374,Angola
5375,Ireland
5376,Mexico
5377,Canada
5378,Brazil
5379,Ethiopia
5380,United States
5381,Russia
5382,United States
5383,French Polynesia
5384,United States
5385,Brazil
5386,Iraq
5387,Democratic Republic Congo
5388,Democratic Republic Congo
5389,Thailand
5390,DR Congo
5391,DR Congo
5392,United States
5393,United States
5394,Colombia
5395,Brazil
5396,Sudan
5397,Turkey
5398,United States
5399,United States
5400,Ukraine
5401,Venezuela
5402,United States
5403,Macedonia
5404,United States
5405,England
5406,Angola
5407,Poland
5408,Indonesia
5409,Venezuela
5410,Argentina
5411,Nepal
5412,Nigeria
5413,Suriname
5414,Australia
5415,Moldova
5416,Congo
5417,Equatorial Guinea
5418,Black Sea
5419,Sudan
5420,United States
5421,United States
5422,United States
5423,Russia
5424,Panama
5425,Honduras
5426,Chile
5427,United States
5428,Sudan
5429,United States
5430,Thailand
5431,Indonesia
5432,Sudan
5433,United States
5434,Sudan
5435,Mexico
5436,Colombia
5437,Chile
5438,United States
5439,Canada
5440,United States
5441,Thailand
5442,Somalia
5443,Spain
5444,Kyrgyzstan
5445,Guatemala
5446,Ecuador
5447,Congo
5448,United States
5449,United Arab Emirates
5450,Russia
5451,United States
5452,United States
5453,Nepal
5454,United States
5455,Mexico
5456,United States
5457,Tanzania
5458,Iraq
5459,Canada
5460,France
5461,United States
5462,United States
5463,Off Turks and Caicos Islands
5464,United States
5465,Near Houma Louisiana
5466,United States
5467,Afghanistan
5468,Brazil
5469,Italy
5470,United States
5471,Iran
5472,Chile
5473,Egypt
5474,Netherlands
5475,Uganda
5476,Newfoundland
5477,United States
5478,Japan
5479,Scotland
5480,Indonesia
5481,Indonesia
5482,Indonesia
5483,Venezuela
5484,Democratic Republic of Congo
5485,Venezuela
5486,Indonesia
5487,Democratic Republic Congo
5488,Brazil
5489,Canada
5490,India
5491,Indonesia
5492,Comoros
5493, Pakistan
5494,Iran
5495,Afghanistan
5496,Iran
5497,Indonesia
5498,Thailand
5499,United States
5500,Papua New Guinea
5501,Congo
5502,South Kazakistan
5503,South Africa
5504,United States
5505,Philippines
5506,United Arab Emirates
5507,Netherlands Antilles
5508,Russia
5509,Russia
5510,Rwanda
5511,United States
5512,Namibia
5513,China
5514,Canada
5515,New Guinea
5516,United States
5517,United States
5518,Lebanon
5519,Brazil
5520,Philippines
5521,Yemen
5522,Peru
5523,Russia
5524,Russia
5525,Mexico
5526,Philippines
5527,Libya
5528,Suriname
5529,Afghanistan
5530,India
5531,British Columbia
5532,Mexico
5533,Cameroon
5534,Canada
5535,United States
5536,Romania
5537,United States
5538,Pakistan
5539,United States
5540,Russia
5541,United States
5542,Colombia
5543,United States
5544,China
5545,Nepal
5546,Congo Democratic Republic
5547,Venezuela
5548,Papua New Guinea
5549,United Arab Emirates
5550,Fox Glacier Airstrip
5551,Venezuela
5552,Afghanistan
5553,Tajikistan
5554,Mexico
5555,Afghanistan
5556,Congo
5557,Indonesia
5558,Cuba
5559,Pakistan
5560,Russia
5561,Pakistan
5562,Russia
5563,Nepal
5564,Russia
5565,Iran
5566,South Africa
5567,Ireland
5568,Honduras
5569,Venezuela
5570,Congo
5571,Congo
5572,India
5573,Brazil
5574,Indonesia
5575,Argentina
5576,India
5577,Russia
5578,Afghanistan
5579,Congo
5580,Russia
5581,Brazil
5582,Morocco
5583,South Korean
5584,Brazil
5585,Afghanistan
5586,Russia
5587,United States
5588,Canada
5589,United States
5590,Chile
5591,Bolivia
5592,Russia
5593,Angola
5594,United States
5595,Haiti
5596,Canada
5597,Nepal
5598,Indonesia
5599,Canada
5600,Papua New Guinea
5601,Botswana
5602,Canada
5603,United States
5604,Mexico
5605,Indonesia
5606,United States
5607,United States
5608,United States
5609,United States
5610,Canada
5611,Congo
5612,United States
5613,Afghanistan
5614,Russia
5615,Pakistan
5616,Colombia
5617,Indonesia
5618,Nepal
5619,Ghana
5620,Nigeria
5621,Peru
5622,Russia
5623,Indonesia
5624,Philippines
5625,Sudan
5626,Russia
5627,Nepal
5628,Sudan
5629,Antigua
5630,United States
5631,Yemen
5632,Congo
5633,South Africa
5634,Mexico
5635,United States
5636,Kazakhstan
5637,Myanmar
5638,Russia
5639,United States
5640,Venezuela
5641,Kazakhstan
5642,Ukraine
5643,Congo
5644,Peru
5645,United States
5646,Brazil
5647,Indonesia
5648,Afghanistan
5649,Ontario
5650,India.
5651,United States
5652,Alaksa
5653,Somalia
5654,United States
5655,Nigeria
5656,Malaysia
5657,Mexico
5658,Laos
5659,Belgium
5660,Bolivia
5661,Borneo
5662,Canada
5663,Russia
5664,United States
5665,Papua New Guinea
5666,Nambia
5667,Glasgow Scotland
5668,United States
5669,Brazil
5670,United States
5671,Russia
5672,Guyana
5673,Near Petreasa Romania
5674,Algeria
5675,Nepal
5676,Tunisia
5677,United States
5678,South Indian Ocean
5679,United States
5680,Australia
5681,United States
5682,Mexico
5683,Finland
5684,Colombia
5685,Laos
5686,Ukraine
5687,Kenya
5688,Vietnam
5689,Ukraine
5690,Taiwan
5691,Mali
5692,Iran
5693,Canada
5694,United States
5695,Algeria
5696,Tanzania
5697,Colombia
5698,Papua New Guinea
5699,United States
5700,Bahamas
5701,Colombia
5702,Colombia
5703,Congo
5704,Java Sea
5705,Syria
5706,Taiwan
5707,Argenina
5708,France
5709,Dominican Republic
5710,United States
5711,Indonesia
5712,United States
5713,Colombia
5714,Indonesia
5715,Papua
5716,Senegal
5717,United States
5718,Afghanistan
5719,Indonesia
5720,Indonesia
5721,Egypt
5722,South Sudan
5723,New Zealand
5724,Russia
5725,India
5726,Congo
5727,Sweden
5728,Somalia
5729,Nepal
5730,Nepal
5731,Bangladesh
5732,Ecuador
5733,Russia
5734,Canada
5735,United States
5736,Papua New Guinea
5737,Norway
5738,175 miles off the Egyptian coast
5739,Indian Ocean
5740,United States
5741,United Arab Emirates
5742,Alaksa
5743,Malta International Airport
5744,United States
5745,Colombia
5746,Indonesia
5747,Pakistan
5748,Indonesia
5749,Colombia
5750,Russia
5751,Kyrgyzstan
5752,Australia
5753,Turkey
5754,Zimbabwe
5755,United States
5756,"['Carlstadt', '', ' New Jersey']"
5757,Nepal
5758,Myanmar
5759,South Australia
5760,Mississipi
5761,Ivory Coast
5762,Tanzania
5763,Saskatchewan
5764,Costa Rica
5765,Guizhou Province
5766,United States
5767,Russia
5768,Iran
5769,Syria
5770,United States
5771,Nepal
5772,Philippines
5773,Algeria
5774,United States
5775,United States
5776,Cuba
5777,Kenya
5778,South Africa
5779,Switzerland
5780,Micronesia
5781,Indonesia
5782,Guyana
